Country,Regulator,Financial Intelligence Unit (FIU),Issuance,Year,Scope,Conduct of CDD,CDD Requirements,PEP Requirements,Requirements for cross-border correspondent banking relationships,Third Party Reliance for CDD,Ongoing Due Diligence,Record Retention,Suspicious Transaction Reporting,Cash Transactions Report,FATF Rec-16 (Travel Rule),Internal Control Requirements,Risk Assessments,International Cooperation,Targeted Financial Sanctions,Source_Original,Source_EN,Amendment_Of
Brunei Darussalam,Brunei Darussalam Central Bank (BDCB),Financial Intelligence Unit (FIU),"Criminal Assets Recovery Order (repealed the Anti-Money Laundering Act of 2011), as amended",2012.0,"- Financial institutions
- Designated non-financial businesses and professions: (1) any person licensed under the Registered Agents and Trustees Licensing Order; (2) real estate agents; (3) casinos, including internet casinos; (4) dealers in precious metals, precious stones and jewelry; (5) advocates and solicitors, notaries, other independent legal professionals and accountants when they prepare for, engage in, or carry out transactions for a client concerning purchase and sale of real estate, management of client money, securities or other assets, management of bank, savings or securities accounts, organization of contributions for the creation, operation or management of entities, and creation, operation or management of entities or arrangements and purchase and sale of business entities; (6) trust and company service providers, which (i) act as a formation, registration or management agent of entities; (ii) act as, or arrange for another person to act as, a director or secretary of a company or partner of a partnership; (iii) provide a registered office, business address or accommodation, correspondence or administrative address for any entity; (iv) act as, or arrange for another person to act as, a trustee of an express trust or other similar arrangement; and (v) act as, or arrange for another person to act as, a nominee shareholder for another person","Risk-based approach: standard CDD where AML/CFT risk is low and enhanced CDD where AML/CFT risk is high pursuant to Sections 9 and 9A.

Section 5(1) requires FIs and DNFBPs to undertake CDD when:
- establishing business relations with a customer.
- carrying out transactions above the prescribed amount, both singular transactions and multiple transactions that appear to be linked.
- carrying out wire transfers.
- there is suspicion of money laundering or terrorist financing.
- there are doubts about the veracity and adequacy of previously obtained identification data.","Section 6(1) of CARO requires FIs and DNFBPs to obtain and verify, with respect to individuals, legal persons, and legal arrangements, as follows:
- For individuals: full name and address, identity card number or details of any official document of identity, date and place of birth, occupation status, name of employer or nature of self-employment or business, contact number, sufficient information to understand the purpose and intended nature of the business relationship and its ownership and control structure;
- For legal persons: corporate name, certified true copy of charter, articles of incorporation or other official documents, registered office address or principal place of business, laws that regulate and bind the legal person, sufficient information to understand the purpose and intended nature of the business relationship, names of directors and senior management, identity of all natural persons who ultimately has a controlling ownership interest or exercise control;
- For legal arrangements: name of the arrangement, identity of the settler, trustee or protector, beneficiaries and any other natural persons having effective control over the trust, certified copy of the declaration of trust or other official document confirming the continued existence of the arrangement, registered office address or principal place of business, laws that regulate and bind the legal arrangement, sufficient information to understand the purpose and intended nature of the business relationship.

Section 6(4) allows FIs and DNFPBs to adopt simplified measures for due diligence, provided that the simplified measures are made in writing and the Authority has given prior approval for its implementation.","Pursuant to Section 9, FIs and DNFBPs are required to conduct EDD on the following PEPs:
1. Domestic PEPs whose activities may pose a high risk of ML/TF.
2. Foreign PEPs.

EDD measures include:
- to obtain any additional information on the customers and beneficial owners other than those set out in section 6;
- to enquire on the source of wealth or source of funds;
- to obtain approval from the senior management of the financial institution or designated non-financial business and profession before it establishes or continues its business relations with its customers;
- to increase ongoing monitoring of the activities of its customer or the beneficial owner and its business relations and transactions with the customer or the beneficial owner to prevent money laundering and financing of terrorism or the commission of any other serious offences.","Section 10 requires FIs to:
- identify and verify the identification of respondent institutions with which they conduct correspondent banking relationships.
- collect information to enable it to fully understand on the nature of the respondent institution's activities;
- based on publicly available information, evaluate the respondent institution's reputation and the nature of supervision to which it is subject including whether it has been subject to a ML/TF investigation or regulatory action;
- obtain approval from senior management before establishing a correspondent banking relationship;
- evaluate the controls implemented by the respondent institution with respect to anti-money laundering and combating the financing of terrorism (AML/CFT);
- establish an agreement on the respective responsibilities of each party under the relationship;
- in the case of a payable through account, ensure that the respondent institution has carried out CDD on its customers that have direct access to the accounts of the correspondent, has implemented mechanisms for ongoing monitoring with respect to its customers and is capable of providing relevant customer due diligence information on request;
- not enter into or continue business relations with a shell bank; and 
- not to enter into or continue business relations with a respondent financial institution that permits its accounts to be used by a shell bank.","Pursuant to Section 5(3), FIs and DNFBPs may rely on intermediaries or other third parties for CDD if:
- there is no suspicion of money laundering or financing of terrorism;
- information on the identity of each customer and beneficial owner is provided immediately on opening of the account or commencement of the business relationship;
- the third party is able to provide without delay copies of identification informtion and other documents relating to the obligation of due diligence upon request and is established in or is subject to the jurisdiction of a country where such person is subject to requirements consistent with standards set by the FATF and has adequate measures in place to comply with those requirements
- the FI has internal policies and procedures in place to mitigate risks of ML/TF.
- there is a written arrangements governing the relationship between the FI and the third party, specifying the rights, responsibilities and expectations of both parties.","Section 14 (4) requires FIs and DNFBP to retain records of CDD information, transactions, supporting documentation for at least 7 years from the date the relevant transaction was completed or upon which action was last taken.","Section 14 (4) requires FIs and DNFBP to retain records of CDD information, transactions, supporting documentation for at least 7 years from the date the relevant transaction was completed or upon which action was last taken.","Pursuant to Section 15, FIs and DNFBPs are required to promptly submit STRs to FIU where they suspect or have reasonable grounds to suspect that a transaction or attempted transaction involving property is related or linked to a serious offence or a money laundering offence. 

This also include special rules applied to advocates, solicitors, notaries, other independent legal professionals and accountants. These professionals are required to submit STRs only when they engage, on behalf of or for a client, in specified financial or corporate activities, such as buying or selling real estate, managing client money or assets, managing bank or securities accounts, or creating, operating or managing legal persons or arrangements. They are not required to report information obtained in the course of ascertaining a client’s legal position or defending or representing a client in judicial, administrative, arbitration or mediation proceedings, provided the services are not being used to facilitate illegal activity. Failure to comply with STR obligations, or breaching the tipping‑off prohibition, constitutes a serious offence under the legislation.","Pursuant to Section 16, FIs and DNFBPs as well as dealers in high value goods are required to submit Cash Transaction Reports (CTRs) to the FIU for any currency transaction equal to or exceeding the prescribed amount. This requirement applies to transactions conducted as a single transaction or as several transactions that appear to be linked, and also applies to attempted transactions.

Cash transaction reports must be submitted promptly and no later than five working days after the transaction or attempted transaction occurs, in the manner and form prescribed. Failure to submit a required cash transaction report constitutes an offence under the Order.","Pursuant to Section 6A (1), all wire transfers shall be accompanied with the following information:
- full name of the originator
- originator's account number, or in the absence of an account number, a unique transaction reference number
- originator's address or national identity number or customer identification number or date and place of birth
- name of the beneficiary
- beneficiary's account number, or in the absence of an account number, a unique transaction reference number","Pursuant to Section 22(1), FIs and DNFBPs shall develop and implement programmes for the prevention of money laundering and financing of terrorism (ML/TF) which have regard to the ML/TF risks and the size of the business. Such programmes shall include:
- internal policies, procedures and controls to ensure compliance with AML/CFT laws and regulations;
- adequate screening procedures to ensure high standards when hiring employees;
- ongoing training for officers and employees;
- policies and procedures to identify and assess the risks of ML/TF resulting from the development of new products and business practices;
- policies and procedures to identify, assess and understand AML/CFT risks posed by customers and beneficial owners, including if they are politically-exposed persons, the countries where they are from or the countries where they have operations, and their products and services; and
- independent audit arrangements

Pursuant to Section 22(2), FIs and DNFBPs shall designate 
a compliance officer at management level to be responsible for the implementation of, and ongoing compliance with, this Order by the institution. Such compliance officer shall have ready access to all books, records and employees of the financial institution or designated non-financial business and profession necessary to fulfill his responsibilities","Section 22(d) requires FIs and DNFBPs to have in place policies and procedures to identify and assess the risks of ML/TF resulting from the development of new products and business practices, including new delivery mechanisms and the use of new or developing technologies for new and pre-existing products by:
- conducting risk assessment prior to the launch and usage of such products, business practices and technologies; and
- taking appropriate measures to manage and mitigate such risks.

Section 22(da) requires FIs and DNFBPs to have in place adequate AML/CFT measures to identify, assess and understand the risks of ML/TF posted by its customers and beneficial owners, including if they are politically-exposed persons, the countries where they are from or the countries where they have operations, and their products and services –
- documenting the risk assessments;
- considering all the relevant risks factors before determining the level of overall risk and the appropriate type and extent of mitigation measures to be applied;
- keeping the risk assessments up-to-date; and
- having the mechanisms to provide the risk assessment information to the Authority.","Pursuant to Section 34, the FIU may:
- share information with any foreign counterpart agency that performs similar functions based upon reciprocity or mutual agreement on the basis of cooperation arrangements entered into between the FIU and such foreign counterpart agency;
- liaise with or enter into any agreement or arrangement with any international organisation regarding the exchange of information pursuant to this Order and disclose any report or information derived from such report to any international organisation in accordance with this Order;
- make inquiries on behalf of a foreign counterpart agency where the inquiry may be relevant to the foreign counterpart agency's analysis of a matter involving the investigation or prosecution of a money laundering offence or serious offence; and
- exchange feedback with a foreign counterpart agency on the use and usefulness of the information that was exchanged.

- Party to key international conventions, including the Vienna Convention, Palermo Convention, and UNCAC.
- Member of the Egmont Group and Asia/Pacific Group on Money Laundering (APG)","Targeted Financial Sanctions are supported under CARO through a framework that enables the implementation through:
- suspicion-based reporting;
- investigative powers;
- freezing, seizure and forfeiture of property; and
- FIU cooperation domestically and internationally.",https://cms.bdcb.gov.bn/storage/uploads/regulatories/17212888162030940.pdf,https://cms.bdcb.gov.bn/storage/uploads/regulatories/17212888162030940.pdf,
Brunei Darussalam,Brunei Darussalam Central Bank (BDCB),Financial Intelligence Unit (FIU),"Criminal Assets Recovery Order (repealed the Anti-Money Laundering Act of 2011), as amended",2023.0,"- Financial institutions
- Designated non-financial businesses and professions: (1) any person licensed under the Registered Agents and Trustees Licensing Order; (2) real estate agents; (3) casinos, including internet casinos; (4) dealers in precious metals, precious stones and jewelry; (5) advocates and solicitors, notaries, other independent legal professionals and accountants when they prepare for, engage in, or carry out transactions for a client concerning purchase and sale of real estate, management of client money, securities or other assets, management of bank, savings or securities accounts, organization of contributions for the creation, operation or management of entities, and creation, operation or management of entities or arrangements and purchase and sale of business entities; (6) trust and company service providers, which (i) act as a formation, registration or management agent of entities; (ii) act as, or arrange for another person to act as, a director or secretary of a company or partner of a partnership; (iii) provide a registered office, business address or accommodation, correspondence or administrative address for any entity; (iv) act as, or arrange for another person to act as, a trustee of an express trust or other similar arrangement; and (v) act as, or arrange for another person to act as, a nominee shareholder for another person","Risk-based approach: standard CDD where AML/CFT risk is low and enhanced CDD where AML/CFT risk is high pursuant to Sections 9 and 9A.

Section 5(1) requires FIs and DNFBPs to undertake CDD when:
- establishing business relations with a customer.
- carrying out transactions above the prescribed amount, both singular transactions and multiple transactions that appear to be linked.
- carrying out wire transfers.
- there is suspicion of money laundering or terrorist financing.
- there are doubts about the veracity and adequacy of previously obtained identification data.","Section 6(1) of CARO requires FIs and DNFBPs to obtain and verify, with respect to individuals, legal persons, and legal arrangements, as follows:
- For individuals: full name and address, identity card number or details of any official document of identity, date and place of birth, occupation status, name of employer or nature of self-employment or business, contact number, sufficient information to understand the purpose and intended nature of the business relationship and its ownership and control structure;
- For legal persons: corporate name, certified true copy of charter, articles of incorporation or other official documents, registered office address or principal place of business, laws that regulate and bind the legal person, sufficient information to understand the purpose and intended nature of the business relationship, names of directors and senior management, identity of all natural persons who ultimately has a controlling ownership interest or exercise control;
- For legal arrangements: name of the arrangement, identity of the settler, trustee or protector, beneficiaries and any other natural persons having effective control over the trust, certified copy of the declaration of trust or other official document confirming the continued existence of the arrangement, registered office address or principal place of business, laws that regulate and bind the legal arrangement, sufficient information to understand the purpose and intended nature of the business relationship.

Section 6(4) allows FIs and DNFPBs to adopt simplified measures for due diligence, provided that the simplified measures are made in writing and the Authority has given prior approval for its implementation.","Pursuant to Section 9, FIs and DNFBPs are required to conduct EDD on the following PEPs:
1. Domestic PEPs whose activities may pose a high risk of ML/TF.
2. Foreign PEPs.

EDD measures include:
- to obtain any additional information on the customers and beneficial owners other than those set out in section 6;
- to enquire on the source of wealth or source of funds;
- to obtain approval from the senior management of the financial institution or designated non-financial business and profession before it establishes or continues its business relations with its customers;
- to increase ongoing monitoring of the activities of its customer or the beneficial owner and its business relations and transactions with the customer or the beneficial owner to prevent money laundering and financing of terrorism or the commission of any other serious offences.","Section 10 requires FIs to:
- identify and verify the identification of respondent institutions with which they conduct correspondent banking relationships.
- collect information to enable it to fully understand on the nature of the respondent institution's activities;
- based on publicly available information, evaluate the respondent institution's reputation and the nature of supervision to which it is subject including whether it has been subject to a ML/TF investigation or regulatory action;
- obtain approval from senior management before establishing a correspondent banking relationship;
- evaluate the controls implemented by the respondent institution with respect to anti-money laundering and combating the financing of terrorism (AML/CFT);
- establish an agreement on the respective responsibilities of each party under the relationship;
- in the case of a payable through account, ensure that the respondent institution has carried out CDD on its customers that have direct access to the accounts of the correspondent, has implemented mechanisms for ongoing monitoring with respect to its customers and is capable of providing relevant customer due diligence information on request;
- not enter into or continue business relations with a shell bank; and 
- not to enter into or continue business relations with a respondent financial institution that permits its accounts to be used by a shell bank.","Pursuant to Section 5(3), FIs and DNFBPs may rely on intermediaries or other third parties for CDD if:
- there is no suspicion of money laundering or financing of terrorism;
- information on the identity of each customer and beneficial owner is provided immediately on opening of the account or commencement of the business relationship;
- the third party is able to provide without delay copies of identification informtion and other documents relating to the obligation of due diligence upon request and is established in or is subject to the jurisdiction of a country where such person is subject to requirements consistent with standards set by the FATF and has adequate measures in place to comply with those requirements
- the FI has internal policies and procedures in place to mitigate risks of ML/TF.
- there is a written arrangements governing the relationship between the FI and the third party, specifying the rights, responsibilities and expectations of both parties.","Section 14 (4) requires FIs and DNFBP to retain records of CDD information, transactions, supporting documentation for at least 7 years from the date the relevant transaction was completed or upon which action was last taken.","Section 14 (4) requires FIs and DNFBP to retain records of CDD information, transactions, supporting documentation for at least 7 years from the date the relevant transaction was completed or upon which action was last taken.","Pursuant to Section 15, FIs and DNFBPs are required to promptly submit STRs to FIU where they suspect or have reasonable grounds to suspect that a transaction or attempted transaction involving property is related or linked to a serious offence or a money laundering offence. 

This also include special rules applied to advocates, solicitors, notaries, other independent legal professionals and accountants. These professionals are required to submit STRs only when they engage, on behalf of or for a client, in specified financial or corporate activities, such as buying or selling real estate, managing client money or assets, managing bank or securities accounts, or creating, operating or managing legal persons or arrangements. They are not required to report information obtained in the course of ascertaining a client’s legal position or defending or representing a client in judicial, administrative, arbitration or mediation proceedings, provided the services are not being used to facilitate illegal activity. Failure to comply with STR obligations, or breaching the tipping‑off prohibition, constitutes a serious offence under the legislation.","Pursuant to Section 16, FIs and DNFBPs as well as dealers in high value goods are required to submit Cash Transaction Reports (CTRs) to the FIU for any currency transaction equal to or exceeding the prescribed amount. This requirement applies to transactions conducted as a single transaction or as several transactions that appear to be linked, and also applies to attempted transactions.

Cash transaction reports must be submitted promptly and no later than five working days after the transaction or attempted transaction occurs, in the manner and form prescribed. Failure to submit a required cash transaction report constitutes an offence under the Order.","Pursuant to Section 6A (1), all wire transfers shall be accompanied with the following information:
- full name of the originator
- originator's account number, or in the absence of an account number, a unique transaction reference number
- originator's address or national identity number or customer identification number or date and place of birth
- name of the beneficiary
- beneficiary's account number, or in the absence of an account number, a unique transaction reference number","Pursuant to Section 22(1), FIs and DNFBPs shall develop and implement programmes for the prevention of money laundering and financing of terrorism (ML/TF) which have regard to the ML/TF risks and the size of the business. Such programmes shall include:
- internal policies, procedures and controls to ensure compliance with AML/CFT laws and regulations;
- adequate screening procedures to ensure high standards when hiring employees;
- ongoing training for officers and employees;
- policies and procedures to identify and assess the risks of ML/TF resulting from the development of new products and business practices;
- policies and procedures to identify, assess and understand AML/CFT risks posed by customers and beneficial owners, including if they are politically-exposed persons, the countries where they are from or the countries where they have operations, and their products and services; and
- independent audit arrangements

Pursuant to Section 22(2), FIs and DNFBPs shall designate 
a compliance officer at management level to be responsible for the implementation of, and ongoing compliance with, this Order by the institution. Such compliance officer shall have ready access to all books, records and employees of the financial institution or designated non-financial business and profession necessary to fulfill his responsibilities","Section 22(d) requires FIs and DNFBPs to have in place policies and procedures to identify and assess the risks of ML/TF resulting from the development of new products and business practices, including new delivery mechanisms and the use of new or developing technologies for new and pre-existing products by:
- conducting risk assessment prior to the launch and usage of such products, business practices and technologies; and
- taking appropriate measures to manage and mitigate such risks.

Section 22(da) requires FIs and DNFBPs to have in place adequate AML/CFT measures to identify, assess and understand the risks of ML/TF posted by its customers and beneficial owners, including if they are politically-exposed persons, the countries where they are from or the countries where they have operations, and their products and services –
- documenting the risk assessments;
- considering all the relevant risks factors before determining the level of overall risk and the appropriate type and extent of mitigation measures to be applied;
- keeping the risk assessments up-to-date; and
- having the mechanisms to provide the risk assessment information to the Authority.","Pursuant to Section 34, the FIU may:
- share information with any foreign counterpart agency that performs similar functions based upon reciprocity or mutual agreement on the basis of cooperation arrangements entered into between the FIU and such foreign counterpart agency;
- liaise with or enter into any agreement or arrangement with any international organisation regarding the exchange of information pursuant to this Order and disclose any report or information derived from such report to any international organisation in accordance with this Order;
- make inquiries on behalf of a foreign counterpart agency where the inquiry may be relevant to the foreign counterpart agency's analysis of a matter involving the investigation or prosecution of a money laundering offence or serious offence; and
- exchange feedback with a foreign counterpart agency on the use and usefulness of the information that was exchanged.

- Party to key international conventions, including the Vienna Convention, Palermo Convention, and UNCAC.
- Member of the Egmont Group and Asia/Pacific Group on Money Laundering (APG)","Targeted Financial Sanctions are supported under CARO through a framework that enables the implementation through:
- suspicion-based reporting;
- investigative powers;
- freezing, seizure and forfeiture of property; and
- FIU cooperation domestically and internationally.",https://cms.bdcb.gov.bn/storage/uploads/regulatories/17212883891793190.pdf,https://cms.bdcb.gov.bn/storage/uploads/regulatories/17212883891793190.pdf,"Criminal Assets Recovery Order (repealed the Anti-Money Laundering Act of 2011), as amended (2012)"
Brunei Darussalam,Brunei Darussalam Central Bank (BDCB),Financial Intelligence Unit (FIU),"Anti-Terrorism Order, as amended",2011.0,"- Financial institutions
- Designated non-financial businesses and professions: (1) any person licensed under the Registered Agents and Trustees Licensing Order; (2) real estate agents; (3) casinos, including internet casinos; (4) dealers in precious metals, precious stones and jewelry; (5) advocates and solicitors, notaries, other independent legal professionals and accountants when they prepare for, engage in, or carry out transactions for a client concerning purchase and sale of real estate, management of client money, securities or other assets, management of bank, savings or securities accounts, organization of contributions for the creation, operation or management of entities, and creation, operation or management of entities or arrangements and purchase and sale of business entities; (6) trust and company service providers, which (i) act as a formation, registration or management agent of entities; (ii) act as, or arrange for another person to act as, a director or secretary of a company or partner of a partnership; (iii) provide a registered office, business address or accommodation, correspondence or administrative address for any entity; (iv) act as, or arrange for another person to act as, a trustee of an express trust or other similar arrangement; and (v) act as, or arrange for another person to act as, a nominee shareholder for another person","No specific AML CDD provision. ATO focuses on offences and enforcement, not preventive CDD measures","No specific provision for CDD requirements for individuals, legal persons and legal persons arrangements",No specific provisions in ATO for PEP requirements,No specific provisions on regulating correspondent banking relationships,No specific provisions permitting or regulating reliance on third parties for CDD,No specific provisions for ongoing due diligence obligations,Record‑keeping obligations or retention periods for CDD or transactions,"- Reporting of terrorism-related STR less than 24 hours after suspicion or reasonable grounds for suspicion is established
-  Prohibition against tipping off",No specific provisions to mandate threshold-based CTR,No specific provisions on wire‑transfer information requirements,"No specific provision to mandate internal AML/CFT controls. However, the ATO has provisions for FIU, BDCB to issue Directions and Regulations to prevent TF",No specific provisions to mandate the conduct of risk assessments,"Pursuant to Section 54,
1 - FIU may share information with any foreign counterpart agency that performs similar functions based on reciprocity or mutual agreement on the basis of cooperation arrangements entered into between the FIU and such foreign counterpart agency
- FIU may liaise with or enter into any agreement or arrangement with any international organization regarding the exchange of information and disclose any report or information derived from such report to any international organization
2 - FIU may make inquiries, search its own databases, obtain information from regulated entities or other persons, and take other necessary action in support of a foreign counterpart agency's analysis, investigation or prosecution of a money laundering offense or serious offense.
- Party to key international conventions, including the Vienna Convention, Palermo Convention, and UNCAC
- Member of the Egmont Group and Asia/Pacific Group on Money Laundering (APG)","Pursuant to Section 67,
- Consolidated list of designated persons maintained by BDCB
- Required reporting of FIs and designated non-financial businesses and professions if they know or have reasonable cause to suspect that a person is a designated person, has dealt or is dealing with property owned, held or controlled by a designated person, or made or is making property or financial services available (directly or indirectly) to a designated person or for the benefit of a designated person
- seizure, freezing and confiscation of suspected tainted/terrorist property upon issuance of warrant for seizure and order for restraint and forfeiture of property",https://cms.bdcb.gov.bn/storage/uploads/regulatories/17212887687534490.pdf,https://cms.bdcb.gov.bn/storage/uploads/regulatories/17212887687534490.pdf,
Brunei Darussalam,Brunei Darussalam Central Bank (BDCB),Financial Intelligence Unit (FIU),"Anti-Terrorism Order, as amended",2012.0,"- Financial institutions
- Designated non-financial businesses and professions: (1) any person licensed under the Registered Agents and Trustees Licensing Order; (2) real estate agents; (3) casinos, including internet casinos; (4) dealers in precious metals, precious stones and jewelry; (5) advocates and solicitors, notaries, other independent legal professionals and accountants when they prepare for, engage in, or carry out transactions for a client concerning purchase and sale of real estate, management of client money, securities or other assets, management of bank, savings or securities accounts, organization of contributions for the creation, operation or management of entities, and creation, operation or management of entities or arrangements and purchase and sale of business entities; (6) trust and company service providers, which (i) act as a formation, registration or management agent of entities; (ii) act as, or arrange for another person to act as, a director or secretary of a company or partner of a partnership; (iii) provide a registered office, business address or accommodation, correspondence or administrative address for any entity; (iv) act as, or arrange for another person to act as, a trustee of an express trust or other similar arrangement; and (v) act as, or arrange for another person to act as, a nominee shareholder for another person","No specific AML CDD provision. ATO focuses on offences and enforcement, not preventive CDD measures","No specific provision for CDD requirements for individuals, legal persons and legal persons arrangements",No specific provisions in ATO for PEP requirements,No specific provisions on regulating correspondent banking relationships,No specific provisions permitting or regulating reliance on third parties for CDD,No specific provisions for ongoing due diligence obligations,Record‑keeping obligations or retention periods for CDD or transactions,"- Reporting of terrorism-related STR less than 24 hours after suspicion or reasonable grounds for suspicion is established
-  Prohibition against tipping off",No specific provisions to mandate threshold-based CTR,No specific provisions on wire‑transfer information requirements,"No specific provision to mandate internal AML/CFT controls. However, the ATO has provisions for FIU, BDCB to issue Directions and Regulations to prevent TF",No specific provisions to mandate the conduct of risk assessments,"Pursuant to Section 54,
1 - FIU may share information with any foreign counterpart agency that performs similar functions based on reciprocity or mutual agreement on the basis of cooperation arrangements entered into between the FIU and such foreign counterpart agency
- FIU may liaise with or enter into any agreement or arrangement with any international organization regarding the exchange of information and disclose any report or information derived from such report to any international organization
2 - FIU may make inquiries, search its own databases, obtain information from regulated entities or other persons, and take other necessary action in support of a foreign counterpart agency's analysis, investigation or prosecution of a money laundering offense or serious offense.
- Party to key international conventions, including the Vienna Convention, Palermo Convention, and UNCAC
- Member of the Egmont Group and Asia/Pacific Group on Money Laundering (APG)","Pursuant to Section 67,
- Consolidated list of designated persons maintained by BDCB
- Required reporting of FIs and designated non-financial businesses and professions if they know or have reasonable cause to suspect that a person is a designated person, has dealt or is dealing with property owned, held or controlled by a designated person, or made or is making property or financial services available (directly or indirectly) to a designated person or for the benefit of a designated person
- seizure, freezing and confiscation of suspected tainted/terrorist property upon issuance of warrant for seizure and order for restraint and forfeiture of property",https://cms.bdcb.gov.bn/storage/uploads/regulatories/17212888559934600.pdf,https://cms.bdcb.gov.bn/storage/uploads/regulatories/17212888559934600.pdf,"Anti-Terrorism Order, as amended (2011)"
Brunei Darussalam,Brunei Darussalam Central Bank (BDCB),Financial Intelligence Unit (FIU),"Anti-Terrorism Order, as amended",2022.0,"- Financial institutions
- Designated non-financial businesses and professions: (1) any person licensed under the Registered Agents and Trustees Licensing Order; (2) real estate agents; (3) casinos, including internet casinos; (4) dealers in precious metals, precious stones and jewelry; (5) advocates and solicitors, notaries, other independent legal professionals and accountants when they prepare for, engage in, or carry out transactions for a client concerning purchase and sale of real estate, management of client money, securities or other assets, management of bank, savings or securities accounts, organization of contributions for the creation, operation or management of entities, and creation, operation or management of entities or arrangements and purchase and sale of business entities; (6) trust and company service providers, which (i) act as a formation, registration or management agent of entities; (ii) act as, or arrange for another person to act as, a director or secretary of a company or partner of a partnership; (iii) provide a registered office, business address or accommodation, correspondence or administrative address for any entity; (iv) act as, or arrange for another person to act as, a trustee of an express trust or other similar arrangement; and (v) act as, or arrange for another person to act as, a nominee shareholder for another person","No specific AML CDD provision. ATO focuses on offences and enforcement, not preventive CDD measures","No specific provision for CDD requirements for individuals, legal persons and legal persons arrangements",No specific provisions in ATO for PEP requirements,No specific provisions on regulating correspondent banking relationships,No specific provisions permitting or regulating reliance on third parties for CDD,No specific provisions for ongoing due diligence obligations,Record‑keeping obligations or retention periods for CDD or transactions,"- Reporting of terrorism-related STR less than 24 hours after suspicion or reasonable grounds for suspicion is established
-  Prohibition against tipping off",No specific provisions to mandate threshold-based CTR,No specific provisions on wire‑transfer information requirements,"No specific provision to mandate internal AML/CFT controls. However, the ATO has provisions for FIU, BDCB to issue Directions and Regulations to prevent TF",No specific provisions to mandate the conduct of risk assessments,"Pursuant to Section 54,
1 - FIU may share information with any foreign counterpart agency that performs similar functions based on reciprocity or mutual agreement on the basis of cooperation arrangements entered into between the FIU and such foreign counterpart agency
- FIU may liaise with or enter into any agreement or arrangement with any international organization regarding the exchange of information and disclose any report or information derived from such report to any international organization
2 - FIU may make inquiries, search its own databases, obtain information from regulated entities or other persons, and take other necessary action in support of a foreign counterpart agency's analysis, investigation or prosecution of a money laundering offense or serious offense.
- Party to key international conventions, including the Vienna Convention, Palermo Convention, and UNCAC
- Member of the Egmont Group and Asia/Pacific Group on Money Laundering (APG)","Pursuant to Section 67,
- Consolidated list of designated persons maintained by BDCB
- Required reporting of FIs and designated non-financial businesses and professions if they know or have reasonable cause to suspect that a person is a designated person, has dealt or is dealing with property owned, held or controlled by a designated person, or made or is making property or financial services available (directly or indirectly) to a designated person or for the benefit of a designated person
- seizure, freezing and confiscation of suspected tainted/terrorist property upon issuance of warrant for seizure and order for restraint and forfeiture of property",https://cms.bdcb.gov.bn/storage/uploads/regulatories/17212889072440660.pdf,https://cms.bdcb.gov.bn/storage/uploads/regulatories/17212889072440660.pdf,"Anti-Terrorism Order, as amended (2011)"
Brunei Darussalam,Brunei Darussalam Central Bank (BDCB),Financial Intelligence Unit (FIU),"Anti-Terrorism (Terrorist Financing) Regulation (TFR), as amended",2013.0,"- Financial institutions
- Designated non-financial businesses and professions: (1) any person licensed under the Registered Agents and Trustees Licensing Order; (2) real estate agents; (3) casinos, including internet casinos; (4) dealers in precious metals, precious stones and jewelry; (5) advocates and solicitors, notaries, other independent legal professionals and accountants when they prepare for, engage in, or carry out transactions for a client concerning purchase and sale of real estate, management of client money, securities or other assets, management of bank, savings or securities accounts, organization of contributions for the creation, operation or management of entities, and creation, operation or management of entities or arrangements and purchase and sale of business entities; (6) trust and company service providers, which (i) act as a formation, registration or management agent of entities; (ii) act as, or arrange for another person to act as, a director or secretary of a company or partner of a partnership; (iii) provide a registered office, business address or accommodation, correspondence or administrative address for any entity; (iv) act as, or arrange for another person to act as, a trustee of an express trust or other similar arrangement; and (v) act as, or arrange for another person to act as, a nominee shareholder for another person",No specific AML CDD provision TFR.,"No specific provision for CDD requirements for individuals, legal persons and legal persons arrangements",No specific provisions in ATO for PEP requirements,No specific provisions on regulating correspondent banking relationships,No specific provisions permitting or regulating reliance on third parties for CDD,No specific provisions for ongoing due diligence obligations.,No specific provisions on record retention,Regulation 20 establishes mandatory reporting obligation for FIs and DNFBPs where property is linked to a designated persons or TF.,No specific provisions to mandate threshold-based CTR,No specific provisions on wire‑transfer information requirements,"No specific provision to mandate internal AML/CFT controls. However, the TFR have provisions for enforcement-level controls (Regulations 22 & 23)",No specific provisions to mandate the conduct of risk assessments,,"Pursuant to Regulation 20,
- Consolidated list of designated persons maintained by BDCB
- Required reporting of FIs and designated non-financial businesses and professions if they know or have reasonable cause to suspect that a person is a designated person, has dealt or is dealing with property owned, held or controlled by a designated person, or made or is making property or financial services available (directly or indirectly) to a designated person or for the benefit of a designated person
- seizure, freezing and confiscation of suspected tainted/terrorist property upon issuance of warrant for seizure and order for restraint and forfeiture of property",https://cms.bdcb.gov.bn/storage/uploads/regulatories/17212886849517860.pdf,https://cms.bdcb.gov.bn/storage/uploads/regulatories/17212886849517860.pdf,
Brunei Darussalam,Brunei Darussalam Central Bank (BDCB),Financial Intelligence Unit (FIU),"Anti-Terrorism (Terrorist Financing) Regulation (TFR), as amended",2022.0,"- Financial institutions
- Designated non-financial businesses and professions: (1) any person licensed under the Registered Agents and Trustees Licensing Order; (2) real estate agents; (3) casinos, including internet casinos; (4) dealers in precious metals, precious stones and jewelry; (5) advocates and solicitors, notaries, other independent legal professionals and accountants when they prepare for, engage in, or carry out transactions for a client concerning purchase and sale of real estate, management of client money, securities or other assets, management of bank, savings or securities accounts, organization of contributions for the creation, operation or management of entities, and creation, operation or management of entities or arrangements and purchase and sale of business entities; (6) trust and company service providers, which (i) act as a formation, registration or management agent of entities; (ii) act as, or arrange for another person to act as, a director or secretary of a company or partner of a partnership; (iii) provide a registered office, business address or accommodation, correspondence or administrative address for any entity; (iv) act as, or arrange for another person to act as, a trustee of an express trust or other similar arrangement; and (v) act as, or arrange for another person to act as, a nominee shareholder for another person",No specific AML CDD provision TFR.,"No specific provision for CDD requirements for individuals, legal persons and legal persons arrangements",No specific provisions in ATO for PEP requirements,No specific provisions on regulating correspondent banking relationships,No specific provisions permitting or regulating reliance on third parties for CDD,No specific provisions for ongoing due diligence obligations.,No specific provisions on record retention,Regulation 20 establishes mandatory reporting obligation for FIs and DNFBPs where property is linked to a designated persons or TF.,No specific provisions to mandate threshold-based CTR,No specific provisions on wire‑transfer information requirements,"No specific provision to mandate internal AML/CFT controls. However, the TFR have provisions for enforcement-level controls (Regulations 22 & 23)",No specific provisions to mandate the conduct of risk assessments,,"Pursuant to Regulation 20,
- Consolidated list of designated persons maintained by BDCB
- Required reporting of FIs and designated non-financial businesses and professions if they know or have reasonable cause to suspect that a person is a designated person, has dealt or is dealing with property owned, held or controlled by a designated person, or made or is making property or financial services available (directly or indirectly) to a designated person or for the benefit of a designated person
- seizure, freezing and confiscation of suspected tainted/terrorist property upon issuance of warrant for seizure and order for restraint and forfeiture of property",https://cms.bdcb.gov.bn/storage/uploads/regulatories/17212885931630310.pdf,https://cms.bdcb.gov.bn/storage/uploads/regulatories/17212885931630310.pdf,"Anti-Terrorism (Terrorist Financing) Regulation (TFR), as amended (2013)"
Brunei Darussalam,Brunei Darussalam Central Bank (BDCB),Financial Intelligence Unit (FIU),Guidelines on the Obligation to Submit a Suspicious Transaction Report (STR) including APPENDIX 1: List of Red Flag Indicators,2022.0,"- Financial institutions
- Designated non-financial businesses and professions: (1) any person licensed under the Registered Agents and Trustees Licensing Order; (2) real estate agents; (3) casinos, including internet casinos; (4) dealers in precious metals, precious stones and jewelry; (5) advocates and solicitors, notaries, other independent legal professionals and accountants when they prepare for, engage in, or carry out transactions for a client concerning purchase and sale of real estate, management of client money, securities or other assets, management of bank, savings or securities accounts, organization of contributions for the creation, operation or management of entities, and creation, operation or management of entities or arrangements and purchase and sale of business entities; (6) trust and company service providers, which (i) act as a formation, registration or management agent of entities; (ii) act as, or arrange for another person to act as, a director or secretary of a company or partner of a partnership; (iii) provide a registered office, business address or accommodation, correspondence or administrative address for any entity; (iv) act as, or arrange for another person to act as, a trustee of an express trust or other similar arrangement; and (v) act as, or arrange for another person to act as, a nominee shareholder for another person","-(Paragraph 4.3) to enable easier idenfication of inconsistent activity or behavior, it is encouraged to ensure customer profiles are established and updated, including obtaining records containing basic identification information, employment, other soruce of funds, nature of business/use of any particular account, etc.;
-(paragraph 6.5) explicit reference to when CDD should not be conducted, clarifying limits on CDD execution in STR scenarios such as risk of tipping off","-(Paragraph 4.3) to enable easier idenfication of inconsistent activity or behavior, it is encouraged to ensure customer profiles are established and updated, including obtaining records containing basic identification information, employment, other soruce of funds, nature of business/use of any particular account, etc.;
-(paragraph 6.5) explicit reference to when CDD should not be conducted, clarifying limits on CDD execution in STR scenarios such as risk of tipping off",No specific requirements for PEP,No specific requirements on regulating correspondent banking relationships,No specific requirements permitting or regulating reliance on third parties for CDD,"-Paragraph 4.3.1:  requirement to keep customer information updated;
-Paragraph 4.3.2: ongoing monitoring of customer transactions;
-Paragraph 4.4: Reinforces the need for maintaining updated customer information for continuous assessment of activity;",No specific provisions on record retention,"-Paragraph 1.2 establishes a mandatory obligation to submit STRs;
-Paragraph 4.1 states the requirement to report suspicious transactions with no monetary threshold;  
-Paragraph 5.1 prescribed timeframe for STR submission;
-Paragraph 5.2 states the requirement to accelerate reporting for TF related STRs;
-Paragraph 6.2 states the mandatory prohibition against tipping off in relation to STRs;
-Paragraph 7.1 System for STR submission (IFIS);
-Paragraphs 8.1-8.2: Minimum information and content requirements for STR submission;
-Paragraph 8.2.6: Requirement to include supporting documentation with STR;",No specific requirements to mandate threshold-based CTR,No specific requirements on wire‑transfer information requirements,"-Paragraph 4.3.2 states the requirement to have internal monitoring systems or controls to detect unusual or suspicious transactions;
-Paragraphs 5.1-5.3 states the requirements to designate responsibility within the organisation, reflecting internal control and governance arrangements for STR reporting;
-Paragraph 5.3.2 states Clear allocation of internal responsibility and escalation process, forming part of internal control frameworks;
-Paragraph 6.3 states requirement for access controls and confidentiality safeguards",No specific requirements to mandate the conduct of risk assessments,The Guidelines recognise that STR information may be used in cooperation contexts and inform reporting entities of this possibility (paragraph 9.1).,"The STR Guidelines do not govern designation lists, asset freezing, or confiscation.",https://www.bdcb.gov.bn/docs/amlcft/obligations/(Guidelines-FIU.G-2.2022.1)%20STR-Guidelines.pdf,https://www.bdcb.gov.bn/docs/amlcft/obligations/(Guidelines-FIU.G-2.2022.1)%20STR-Guidelines%20-%20APPENDIX%201.pdf,
Brunei Darussalam,Brunei Darussalam Central Bank (BDCB),Financial Intelligence Unit (FIU),"Guidelines on the Obligation to Submit a Cash Transaction Report (CTR) and Appendices, as follows:",2016.0,"- Financial institutions
- Designated non-financial businesses and professions: (1) any person licensed under the Registered Agents and Trustees Licensing Order; (2) real estate agents; (3) casinos, including internet casinos; (4) dealers in precious metals, precious stones and jewelry; (5) advocates and solicitors, notaries, other independent legal professionals and accountants when they prepare for, engage in, or carry out transactions for a client concerning purchase and sale of real estate, management of client money, securities or other assets, management of bank, savings or securities accounts, organization of contributions for the creation, operation or management of entities, and creation, operation or management of entities or arrangements and purchase and sale of business entities; (6) trust and company service providers, which (i) act as a formation, registration or management agent of entities; (ii) act as, or arrange for another person to act as, a director or secretary of a company or partner of a partnership; (iii) provide a registered office, business address or accommodation, correspondence or administrative address for any entity; (iv) act as, or arrange for another person to act as, a trustee of an express trust or other similar arrangement; and (v) act as, or arrange for another person to act as, a nominee shareholder for another person","-Paragraph 5.2.1-5.2.3 requires personal identification information consistent with individual customer identification under CDD, requires beneficial ownership information and details of corporation, requires relevant details for accounts","While customer information is required as report content, the Guidelines do not impose obligations to identify, verify, or validate customer or beneficial owner information as part of CDD",No specific requirements for PEP requirements,No specific requirements on regulating correspondent banking relationships,No specific requirements on regulating correspondent banking relationships,No specific requirements for ongoing due diligence obligations.,No specific requirements on record retention,"In addition to submitting a CTR, should there be reasonable grounds to suspect that a cash transaction of BND15,000 or above, or equivalent in foreign currency could be related to a ML/TF offence, an STR must be filed","The Guidelines sets requirements for FIs and DNFBPs to report to the FIU through the IFIS within 5 working days for the following transactions:
- single cash transaction of BND 15,000 and above or its equivalent foreign currency
- several cash transactions that appear to be linked amounting to BND 15,000 and above or its equivalent in foreign currency that occur within 24 hours

Information to be included in the report: 
- for individuals: full name, identity card number, date of birth, nationality, occupation and employer name
- for corporations: full name, date and place of incorporation, details of beneficial owners/directors and shareholders
- for accounts: account name, account number, account type and details of signatory
- transaction details including amount involved, type of transaction, source, beneficiary and date ",No specific requirements on wire‑transfer information requirements,"The Guidelines require institutions to have internal capability and procedures to:
-detect qualifying cash transactions,
-compile CTR data,
-submit reports via IFIS, and
-handle resubmissions.

However, they do not mandate a comprehensive AML/CFT internal control framework.",No specific requirements to mandate the conduct of risk assessments,The CTR Guidelines do not address FIU information sharing with foreign counterparts or international cooperation arrangements,"The Guidelines do not establish designation lists, freezing obligations, or confiscation mechanisms related to terrorism or sanctions",https://www.bdcb.gov.bn/docs/amlcft/obligations/CTR-Guidelines%201.pdf,https://www.bdcb.gov.bn/docs/amlcft/obligations/CTR-Guidelines%201.pdf,
Brunei Darussalam,Brunei Darussalam Central Bank (BDCB),Financial Intelligence Unit (FIU),APPENDIX 1: Specific Guideline for Banks and Finance Companies,2016.0,"- Financial institutions
- Designated non-financial businesses and professions: (1) any person licensed under the Registered Agents and Trustees Licensing Order; (2) real estate agents; (3) casinos, including internet casinos; (4) dealers in precious metals, precious stones and jewelry; (5) advocates and solicitors, notaries, other independent legal professionals and accountants when they prepare for, engage in, or carry out transactions for a client concerning purchase and sale of real estate, management of client money, securities or other assets, management of bank, savings or securities accounts, organization of contributions for the creation, operation or management of entities, and creation, operation or management of entities or arrangements and purchase and sale of business entities; (6) trust and company service providers, which (i) act as a formation, registration or management agent of entities; (ii) act as, or arrange for another person to act as, a director or secretary of a company or partner of a partnership; (iii) provide a registered office, business address or accommodation, correspondence or administrative address for any entity; (iv) act as, or arrange for another person to act as, a trustee of an express trust or other similar arrangement; and (v) act as, or arrange for another person to act as, a nominee shareholder for another person","-Paragraph 5.2.1-5.2.3 requires personal identification information consistent with individual customer identification under CDD, requires beneficial ownership information and details of corporation, requires relevant details for accounts","While customer information is required as report content, the Guidelines do not impose obligations to identify, verify, or validate customer or beneficial owner information as part of CDD",No specific requirements for PEP requirements,No specific requirements on regulating correspondent banking relationships,No specific requirements on regulating correspondent banking relationships,No specific requirements for ongoing due diligence obligations.,No specific requirements on record retention,"In addition to submitting a CTR, should there be reasonable grounds to suspect that a cash transaction of BND15,000 or above, or equivalent in foreign currency could be related to a ML/TF offence, an STR must be filed","The Guidelines sets requirements for FIs and DNFBPs to report to the FIU through the IFIS within 5 working days for the following transactions:
- single cash transaction of BND 15,000 and above or its equivalent foreign currency
- several cash transactions that appear to be linked amounting to BND 15,000 and above or its equivalent in foreign currency that occur within 24 hours

Information to be included in the report: 
- for individuals: full name, identity card number, date of birth, nationality, occupation and employer name
- for corporations: full name, date and place of incorporation, details of beneficial owners/directors and shareholders
- for accounts: account name, account number, account type and details of signatory
- transaction details including amount involved, type of transaction, source, beneficiary and date ",No specific requirements on wire‑transfer information requirements,"The Guidelines require institutions to have internal capability and procedures to:
-detect qualifying cash transactions,
-compile CTR data,
-submit reports via IFIS, and
-handle resubmissions.

However, they do not mandate a comprehensive AML/CFT internal control framework.",No specific requirements to mandate the conduct of risk assessments,The CTR Guidelines do not address FIU information sharing with foreign counterparts or international cooperation arrangements,"The Guidelines do not establish designation lists, freezing obligations, or confiscation mechanisms related to terrorism or sanctions",https://www.bdcb.gov.bn/docs/amlcft/obligations/Appendix-1-Specific-Guideline-for-Banks-and-Finance-Companies%201.pdf,https://www.bdcb.gov.bn/docs/amlcft/obligations/Appendix-1-Specific-Guideline-for-Banks-and-Finance-Companies%201.pdf,
Brunei Darussalam,Brunei Darussalam Central Bank (BDCB),Financial Intelligence Unit (FIU),"APPENDIX 2: Specific Guideline for Advocaes and Solicitors, Notaries, Other Independent Legal Professions and Accountants",2016.0,"- Financial institutions
- Designated non-financial businesses and professions: (1) any person licensed under the Registered Agents and Trustees Licensing Order; (2) real estate agents; (3) casinos, including internet casinos; (4) dealers in precious metals, precious stones and jewelry; (5) advocates and solicitors, notaries, other independent legal professionals and accountants when they prepare for, engage in, or carry out transactions for a client concerning purchase and sale of real estate, management of client money, securities or other assets, management of bank, savings or securities accounts, organization of contributions for the creation, operation or management of entities, and creation, operation or management of entities or arrangements and purchase and sale of business entities; (6) trust and company service providers, which (i) act as a formation, registration or management agent of entities; (ii) act as, or arrange for another person to act as, a director or secretary of a company or partner of a partnership; (iii) provide a registered office, business address or accommodation, correspondence or administrative address for any entity; (iv) act as, or arrange for another person to act as, a trustee of an express trust or other similar arrangement; and (v) act as, or arrange for another person to act as, a nominee shareholder for another person","-Paragraph 5.2.1-5.2.3 requires personal identification information consistent with individual customer identification under CDD, requires beneficial ownership information and details of corporation, requires relevant details for accounts","While customer information is required as report content, the Guidelines do not impose obligations to identify, verify, or validate customer or beneficial owner information as part of CDD",No specific requirements for PEP requirements,No specific requirements on regulating correspondent banking relationships,No specific requirements on regulating correspondent banking relationships,No specific requirements for ongoing due diligence obligations.,No specific requirements on record retention,"In addition to submitting a CTR, should there be reasonable grounds to suspect that a cash transaction of BND15,000 or above, or equivalent in foreign currency could be related to a ML/TF offence, an STR must be filed","The Guidelines sets requirements for FIs and DNFBPs to report to the FIU through the IFIS within 5 working days for the following transactions:
- single cash transaction of BND 15,000 and above or its equivalent foreign currency
- several cash transactions that appear to be linked amounting to BND 15,000 and above or its equivalent in foreign currency that occur within 24 hours

Information to be included in the report: 
- for individuals: full name, identity card number, date of birth, nationality, occupation and employer name
- for corporations: full name, date and place of incorporation, details of beneficial owners/directors and shareholders
- for accounts: account name, account number, account type and details of signatory
- transaction details including amount involved, type of transaction, source, beneficiary and date ",No specific requirements on wire‑transfer information requirements,"The Guidelines require institutions to have internal capability and procedures to:
-detect qualifying cash transactions,
-compile CTR data,
-submit reports via IFIS, and
-handle resubmissions.

However, they do not mandate a comprehensive AML/CFT internal control framework.",No specific requirements to mandate the conduct of risk assessments,The CTR Guidelines do not address FIU information sharing with foreign counterparts or international cooperation arrangements,"The Guidelines do not establish designation lists, freezing obligations, or confiscation mechanisms related to terrorism or sanctions",https://www.bdcb.gov.bn/docs/amlcft/obligations/Appendix-2-Specific-Guideline-for-Advocates-and-Solicitors-Notaries-Other-Independent-Legal-Professions-and-Accountants%201.pdf,https://www.bdcb.gov.bn/docs/amlcft/obligations/Appendix-2-Specific-Guideline-for-Advocates-and-Solicitors-Notaries-Other-Independent-Legal-Professions-and-Accountants%201.pdf,
Brunei Darussalam,Brunei Darussalam Central Bank (BDCB),Financial Intelligence Unit (FIU),APPENDIX 3: Specific Guideline for Money Changer and Remittance Companies,2016.0,"- Financial institutions
- Designated non-financial businesses and professions: (1) any person licensed under the Registered Agents and Trustees Licensing Order; (2) real estate agents; (3) casinos, including internet casinos; (4) dealers in precious metals, precious stones and jewelry; (5) advocates and solicitors, notaries, other independent legal professionals and accountants when they prepare for, engage in, or carry out transactions for a client concerning purchase and sale of real estate, management of client money, securities or other assets, management of bank, savings or securities accounts, organization of contributions for the creation, operation or management of entities, and creation, operation or management of entities or arrangements and purchase and sale of business entities; (6) trust and company service providers, which (i) act as a formation, registration or management agent of entities; (ii) act as, or arrange for another person to act as, a director or secretary of a company or partner of a partnership; (iii) provide a registered office, business address or accommodation, correspondence or administrative address for any entity; (iv) act as, or arrange for another person to act as, a trustee of an express trust or other similar arrangement; and (v) act as, or arrange for another person to act as, a nominee shareholder for another person","-Paragraph 5.2.1-5.2.3 requires personal identification information consistent with individual customer identification under CDD, requires beneficial ownership information and details of corporation, requires relevant details for accounts","While customer information is required as report content, the Guidelines do not impose obligations to identify, verify, or validate customer or beneficial owner information as part of CDD",No specific requirements for PEP requirements,No specific requirements on regulating correspondent banking relationships,No specific requirements on regulating correspondent banking relationships,No specific requirements for ongoing due diligence obligations.,No specific requirements on record retention,"In addition to submitting a CTR, should there be reasonable grounds to suspect that a cash transaction of BND15,000 or above, or equivalent in foreign currency could be related to a ML/TF offence, an STR must be filed","The Guidelines sets requirements for FIs and DNFBPs to report to the FIU through the IFIS within 5 working days for the following transactions:
- single cash transaction of BND 15,000 and above or its equivalent foreign currency
- several cash transactions that appear to be linked amounting to BND 15,000 and above or its equivalent in foreign currency that occur within 24 hours

Information to be included in the report: 
- for individuals: full name, identity card number, date of birth, nationality, occupation and employer name
- for corporations: full name, date and place of incorporation, details of beneficial owners/directors and shareholders
- for accounts: account name, account number, account type and details of signatory
- transaction details including amount involved, type of transaction, source, beneficiary and date ",No specific requirements on wire‑transfer information requirements,"The Guidelines require institutions to have internal capability and procedures to:
-detect qualifying cash transactions,
-compile CTR data,
-submit reports via IFIS, and
-handle resubmissions.

However, they do not mandate a comprehensive AML/CFT internal control framework.",No specific requirements to mandate the conduct of risk assessments,The CTR Guidelines do not address FIU information sharing with foreign counterparts or international cooperation arrangements,"The Guidelines do not establish designation lists, freezing obligations, or confiscation mechanisms related to terrorism or sanctions",https://www.bdcb.gov.bn/docs/amlcft/obligations/Appendix-3-Specific-Guideline-for-Money-Changer-and-Remittance-Companies%202.pdf,https://www.bdcb.gov.bn/docs/amlcft/obligations/Appendix-3-Specific-Guideline-for-Money-Changer-and-Remittance-Companies%202.pdf,
Brunei Darussalam,Brunei Darussalam Central Bank (BDCB),Financial Intelligence Unit (FIU),APPENDIX 4: Specific Guideline for Trust and Company Service Providers,2016.0,"- Financial institutions
- Designated non-financial businesses and professions: (1) any person licensed under the Registered Agents and Trustees Licensing Order; (2) real estate agents; (3) casinos, including internet casinos; (4) dealers in precious metals, precious stones and jewelry; (5) advocates and solicitors, notaries, other independent legal professionals and accountants when they prepare for, engage in, or carry out transactions for a client concerning purchase and sale of real estate, management of client money, securities or other assets, management of bank, savings or securities accounts, organization of contributions for the creation, operation or management of entities, and creation, operation or management of entities or arrangements and purchase and sale of business entities; (6) trust and company service providers, which (i) act as a formation, registration or management agent of entities; (ii) act as, or arrange for another person to act as, a director or secretary of a company or partner of a partnership; (iii) provide a registered office, business address or accommodation, correspondence or administrative address for any entity; (iv) act as, or arrange for another person to act as, a trustee of an express trust or other similar arrangement; and (v) act as, or arrange for another person to act as, a nominee shareholder for another person","-Paragraph 5.2.1-5.2.3 requires personal identification information consistent with individual customer identification under CDD, requires beneficial ownership information and details of corporation, requires relevant details for accounts","While customer information is required as report content, the Guidelines do not impose obligations to identify, verify, or validate customer or beneficial owner information as part of CDD",No specific requirements for PEP requirements,No specific requirements on regulating correspondent banking relationships,No specific requirements on regulating correspondent banking relationships,No specific requirements for ongoing due diligence obligations.,No specific requirements on record retention,"In addition to submitting a CTR, should there be reasonable grounds to suspect that a cash transaction of BND15,000 or above, or equivalent in foreign currency could be related to a ML/TF offence, an STR must be filed","The Guidelines sets requirements for FIs and DNFBPs to report to the FIU through the IFIS within 5 working days for the following transactions:
- single cash transaction of BND 15,000 and above or its equivalent foreign currency
- several cash transactions that appear to be linked amounting to BND 15,000 and above or its equivalent in foreign currency that occur within 24 hours

Information to be included in the report: 
- for individuals: full name, identity card number, date of birth, nationality, occupation and employer name
- for corporations: full name, date and place of incorporation, details of beneficial owners/directors and shareholders
- for accounts: account name, account number, account type and details of signatory
- transaction details including amount involved, type of transaction, source, beneficiary and date ",No specific requirements on wire‑transfer information requirements,"The Guidelines require institutions to have internal capability and procedures to:
-detect qualifying cash transactions,
-compile CTR data,
-submit reports via IFIS, and
-handle resubmissions.

However, they do not mandate a comprehensive AML/CFT internal control framework.",No specific requirements to mandate the conduct of risk assessments,The CTR Guidelines do not address FIU information sharing with foreign counterparts or international cooperation arrangements,"The Guidelines do not establish designation lists, freezing obligations, or confiscation mechanisms related to terrorism or sanctions",https://www.bdcb.gov.bn/docs/amlcft/obligations/Appendix-4-Specific-Guideline-for-Trust-and-Company-Service-Providers%201.pdf,https://www.bdcb.gov.bn/docs/amlcft/obligations/Appendix-4-Specific-Guideline-for-Trust-and-Company-Service-Providers%201.pdf,
Brunei Darussalam,Brunei Darussalam Central Bank (BDCB),Financial Intelligence Unit (FIU),APPENDIX 5: Specific Guideline for Motor Vehicle Dealers,2016.0,"- Financial institutions
- Designated non-financial businesses and professions: (1) any person licensed under the Registered Agents and Trustees Licensing Order; (2) real estate agents; (3) casinos, including internet casinos; (4) dealers in precious metals, precious stones and jewelry; (5) advocates and solicitors, notaries, other independent legal professionals and accountants when they prepare for, engage in, or carry out transactions for a client concerning purchase and sale of real estate, management of client money, securities or other assets, management of bank, savings or securities accounts, organization of contributions for the creation, operation or management of entities, and creation, operation or management of entities or arrangements and purchase and sale of business entities; (6) trust and company service providers, which (i) act as a formation, registration or management agent of entities; (ii) act as, or arrange for another person to act as, a director or secretary of a company or partner of a partnership; (iii) provide a registered office, business address or accommodation, correspondence or administrative address for any entity; (iv) act as, or arrange for another person to act as, a trustee of an express trust or other similar arrangement; and (v) act as, or arrange for another person to act as, a nominee shareholder for another person","-Paragraph 5.2.1-5.2.3 requires personal identification information consistent with individual customer identification under CDD, requires beneficial ownership information and details of corporation, requires relevant details for accounts","While customer information is required as report content, the Guidelines do not impose obligations to identify, verify, or validate customer or beneficial owner information as part of CDD",No specific requirements for PEP requirements,No specific requirements on regulating correspondent banking relationships,No specific requirements on regulating correspondent banking relationships,No specific requirements for ongoing due diligence obligations.,No specific requirements on record retention,"In addition to submitting a CTR, should there be reasonable grounds to suspect that a cash transaction of BND15,000 or above, or equivalent in foreign currency could be related to a ML/TF offence, an STR must be filed","The Guidelines sets requirements for FIs and DNFBPs to report to the FIU through the IFIS within 5 working days for the following transactions:
- single cash transaction of BND 15,000 and above or its equivalent foreign currency
- several cash transactions that appear to be linked amounting to BND 15,000 and above or its equivalent in foreign currency that occur within 24 hours

Information to be included in the report: 
- for individuals: full name, identity card number, date of birth, nationality, occupation and employer name
- for corporations: full name, date and place of incorporation, details of beneficial owners/directors and shareholders
- for accounts: account name, account number, account type and details of signatory
- transaction details including amount involved, type of transaction, source, beneficiary and date ",No specific requirements on wire‑transfer information requirements,"The Guidelines require institutions to have internal capability and procedures to:
-detect qualifying cash transactions,
-compile CTR data,
-submit reports via IFIS, and
-handle resubmissions.

However, they do not mandate a comprehensive AML/CFT internal control framework.",No specific requirements to mandate the conduct of risk assessments,The CTR Guidelines do not address FIU information sharing with foreign counterparts or international cooperation arrangements,"The Guidelines do not establish designation lists, freezing obligations, or confiscation mechanisms related to terrorism or sanctions",https://www.bdcb.gov.bn/docs/amlcft/obligations/Appendix-5-Specific-Guideline-for-Motor-Vehicle-Dealers%201.pdf,https://www.bdcb.gov.bn/docs/amlcft/obligations/Appendix-5-Specific-Guideline-for-Motor-Vehicle-Dealers%201.pdf,
Brunei Darussalam,Brunei Darussalam Central Bank (BDCB),Financial Intelligence Unit (FIU),Guidelines on Identification and Management of High-Risk Customers and Politically Exposed Persons including APPENDIX 1: List of High-Risk Indicators,2025.0,"- Financial institutions
- Designated non-financial businesses and professions: (1) any person licensed under the Registered Agents and Trustees Licensing Order; (2) real estate agents; (3) casinos, including internet casinos; (4) dealers in precious metals, precious stones and jewelry; (5) advocates and solicitors, notaries, other independent legal professionals and accountants when they prepare for, engage in, or carry out transactions for a client concerning purchase and sale of real estate, management of client money, securities or other assets, management of bank, savings or securities accounts, organization of contributions for the creation, operation or management of entities, and creation, operation or management of entities or arrangements and purchase and sale of business entities; (6) trust and company service providers, which (i) act as a formation, registration or management agent of entities; (ii) act as, or arrange for another person to act as, a director or secretary of a company or partner of a partnership; (iii) provide a registered office, business address or accommodation, correspondence or administrative address for any entity; (iv) act as, or arrange for another person to act as, a trustee of an express trust or other similar arrangement; and (v) act as, or arrange for another person to act as, a nominee shareholder for another person","Relevant sections in the Guidelines:
-Risk‑based approach: Paragraphs 1.2 and 3.1
-Enhanced due diligence focus: Section 5
-Ongoing monitoring of high‑risk customers: Paragraphs 5.2 and 6.2","Relevant sections in the Guidelines:
- Verification and additional information: Paragraph 5.1
- Identification of beneficial owners (high‑risk context): Paragarph 3.2 and section 5","In Paragraph 5, enhanced due diligence requirements apply to Politically Exposed Persons (PEPs) as high-risk customers.
- approval from senior management before establishing a business relationship or as soon as an existing customer is identified as PEP
- take all reasonable measures to identify the source of wealth and funds and other assets
- provide increased and ongoing monitoring of the customer and the business relationship",No specific requirements on regulating correspondent banking relationships,No specific requirements permitting or regulating reliance on third parties for CDD,"Updating customer information and risk profiles as stated in Paragraph 4.2.

Paragraph 5.2 emphasized the importance for high risk customers and PEPs are monitored on an ongoing basis to detect any changes to their risk profile through enhanced transaction monitoring and periodic review.

Paragraph 6.2. advises FIs and DNFBPs to implement systems that allow ongoing monitoring of business relationships with high-risk customers and PEPs including periodic review of customer information and updates to risk profiles, to be done atleast annually.","Paragraph 6.3 states that all information and documentation obtained during the customer risk profiling and EDD process, including the STRs filed on high risk customers and PEPs, should be recorded and kept by the FI or DNFBP according to the 7 year period as required under Section 14 of CARO.",No specific requirements on STR reporting,No specific requirements to mandate threshold-based CTR,No specific requirements on wire‑transfer information requirements,"Relevant sections in the Guidelines:
- Board and senior management accountability: paragraph 6.1;
- Formalised policies and procedures: paragraphs 6.1 and 6.4;
- System-based monitoring controls: Section 5 and paragraph 6.2;
- Independent compliance testing: paragraph 6.5;
- Training and competency: paragraph 6.6; and
- Record keeping: paragraph 6.3.","Paragraph 3.1: Requires FIs and DNFBPs to adopt risk-based approach when identifying high-risk customers and determining overall risk ratings.
Paragraph 3.2: Refers to Appendix 1 to be considered when assessing customer risk (non-exhaustive and evolving);
Paragraph 4.1: Risk profiling measures for Foreign PEPs and Domestic PEPs
Paragraph 6.1:Assigning responsibility to the Board and senior management for approving risk assessment methodologies and policies and procedures relating to high-risk customers and PEPs.
Paragraph 6.2: requires robust systems and procedures to support ongoing monitoring, periodic review of customer infomation and updates to customer risk profile.",No specific requirements,"No specific guidelines on:
- designation lists;
- freezing obligations; or
- confiscation mechanisms",https://www.bdcb.gov.bn/docs/amlcft/obligations/BDCB_Guidelines_FIU.G-1.2025.1-Guidelines-on-Identification-and-Management-of-High-Risk-Customers-and-PEPs-19Dec2025.pdf,https://www.bdcb.gov.bn/docs/amlcft/obligations/BDCB_Guidelines_FIU.G-1.2025.1-Guidelines-on-Identification-and-Management-of-High-Risk-Customers-and-PEPs-19Dec2025.pdf,
Brunei Darussalam,Brunei Darussalam Central Bank (BDCB),Financial Intelligence Unit (FIU),Notice on Obligations to Conduct Actions in Respect of Designated Persons (DPER Notice),2024.0,"- Financial institutions
- Designated non-financial businesses and professions: (1) any person licensed under the Registered Agents and Trustees Licensing Order; (2) real estate agents; (3) casinos, including internet casinos; (4) dealers in precious metals, precious stones and jewelry; (5) advocates and solicitors, notaries, other independent legal professionals and accountants when they prepare for, engage in, or carry out transactions for a client concerning purchase and sale of real estate, management of client money, securities or other assets, management of bank, savings or securities accounts, organization of contributions for the creation, operation or management of entities, and creation, operation or management of entities or arrangements and purchase and sale of business entities; (6) trust and company service providers, which (i) act as a formation, registration or management agent of entities; (ii) act as, or arrange for another person to act as, a director or secretary of a company or partner of a partnership; (iii) provide a registered office, business address or accommodation, correspondence or administrative address for any entity; (iv) act as, or arrange for another person to act as, a trustee of an express trust or other similar arrangement; and (v) act as, or arrange for another person to act as, a nominee shareholder for another person","The Notice requires Financial Institutions and DNFBPs to screen customers against designation lists, including:
- before establishing a business relationship (Paragraph 3.1.1), and
- on an ongoing basis, to identify whether a customer becomes a designated person (3.1.2).","The Notice  requires reporting entities to:
-(Paragraph 3.1.1) screen customers new customers (including legal persons and legal arrangements) against designation lists and do not establish business relations with the potential customer if it is confirmed that the new customer is listed on the Consolidated List.
- (Paragraph 3.1.2) screen existing customers including LPs and LPAs against designation list for every new transactions conducted and as part of their ongoing due diligence, including screening when there is an updated list of Designated Persons, and take appropriate actions such as freezing and fulfilling reporting obligations.
- (Paragraph 3.2.1) Conduct appropriate verification process where a match with a designated person is identified, including taking into account third parties acting on behalf of the Designated Persons.",No specific requirements for PEP requirements,No specific requirements on regulating correspondent banking relationships,No specific requirements permitting or regulating reliance on third parties for CDD,"The Notice requires ongoing monitoring to ensure that assets are not made available to designated persons, including continuous screening and vigilance for changes in designation status.

Relevant paragraph: 3.1.2","Sections 3 and 4 of the Notice requires records relating to:
-identification of designated persons,
-freezing actions, and
-reports made to the FIU/Authority.","Section 4 of the Notice requires FIs and DNFBPs to submit STRs promptly to the FIU via IFIS and where the STR concerning designated persons/entities, STRs shall be submitted no more than 24 hours after the suspicion or reasonable grounds for suspicion is established.",No specific requirements to mandate threshold-based CTR,No specific requirements on wire‑transfer information requirements,"(Paragrpahs 1.3, Sections 3 &4) Notice requires institutions to implement internal screening, escalation, and freezing procedures for designated persons, and to ensure staff understand required obligations",No specific requirements to mandate the conduct of risk assessments,No specific requirements,"- Consolidated list of designated persons maintained by BDCB (Paragraph 1.5)
- (section 3) prohibiting making funds or financial services available to designated persons or entities.
- (section 4) Required reporting of FIs and DNFBPs if they know or have reasonable cause to suspect that a person is a designated person, has dealt or is dealing with property owned, held or controlled by a designated person, or made or is making property or financial services available (directly or indirectly) to a designated person or for the benefit of a designated person.",https://www.bdcb.gov.bn/docs/amlcft/obligations/(Notice%20No.%20FIU.N-1.2024.1)%20DPER%20Notice.pdf,https://www.bdcb.gov.bn/docs/amlcft/obligations/(Notice%20No.%20FIU.N-1.2024.1)%20DPER%20Notice.pdf,
Brunei Darussalam,Brunei Darussalam Central Bank (BDCB),Financial Intelligence Unit (FIU),Notice on Measures for Non-Face-to-Face Customer Onboarding and Ongoing Customer Due Diligence including APPENDIX 1,2022.0,Banks and financial institutions,"EKYC Notice:-
- Paragraph 1.2 States that the Notice outlines minimum required standards for “customer due diligence measures” for non‑face‑to‑face relationships;
- paragraph 3.3 Requires compliance with CARO obligations on obtaining and verifying customer information using reliable sources, explicitly applying statutory CDD requirements to E‑KYC;
- paragraph 4.1 Prescribes identification and verification steps during onboarding pursuant to CARO sections 6 and 7, explicitly detailing the conduct of CDD using E‑KYC;
- paragraphs 4.3-4.5 Allows use of E‑KYC for periodic review, updating customer information, and re‑verification where new documents are required, explicitly addressing ongoing CDD processes.

EKYC Guidelines:-
- Paragraph 1.3.1 States that the Guidelines aim to ensure “Requirements for Anti‑Money Laundering and Combating the Financing of Terrorism (AML/CFT) relating to customer onboarding and ongoing customer due diligence are adhered to”, explicitly linking E‑KYC measures to conduct of CDD.
- requirements for identity verification undertaken during CDD (paragraphs 3.1-3.4)
- Paragraph 4.1 describing CDD identification and verification measures;
- Paragraph 4.2 requires E‑KYC to detect customer records and link to customer databases to support “complete KYC/CDD requirements and risk categorisation”;
- paragraph 5.1 allows E‑KYC to be used for periodic reviews of customer information, explicitly covering ongoing CDD.","EKYC Notice:-
- Paragraph 1.2 States that the Notice outlines minimum required standards for “customer due diligence measures” for non‑face‑to‑face relationships;
- paragraph 3.3 Requires compliance with CARO obligations on obtaining and verifying customer information using reliable sources, explicitly applying statutory CDD requirements to E‑KYC;
- paragraph 4.1 Prescribes identification and verification steps during onboarding pursuant to CARO sections 6 and 7, explicitly detailing the conduct of CDD using E‑KYC;
- paragraphs 4.3-4.5 Allows use of E‑KYC for periodic review, updating customer information, and re‑verification where new documents are required, explicitly addressing ongoing CDD processes.

EKYC Guidelines:-
- Paragraph 1.3.1 States that the Guidelines aim to ensure “Requirements for Anti‑Money Laundering and Combating the Financing of Terrorism (AML/CFT) relating to customer onboarding and ongoing customer due diligence are adhered to”, explicitly linking E‑KYC measures to conduct of CDD.
- requirements for identity verification undertaken during CDD (paragraphs 3.1-3.4)
- Paragraph 4.1 describing CDD identification and verification measures;
- Paragraph 4.2 requires E‑KYC to detect customer records and link to customer databases to support “complete KYC/CDD requirements and risk categorisation”;
- paragraph 5.1 allows E‑KYC to be used for periodic reviews of customer information, explicitly covering ongoing CDD.",No specific requirements for PEP requirements,No specific requirements on regulating correspondent banking relationships,"EKYC Notice:-
- Paragraph 5.12 requires that for “any third-party E-KYC application, the vendor or service provider shall demonstrate the acceptable FAR and provide sufficient test and audit reports”, explicitly covering reliance on third‑party systems for CDD-related verification;
- Paragraph 6.4 requires that where an E‑KYC solution is “derived or outsourced from a third party”, Banks and Financial Institutions must demonstrate compliance with “intermediaries or third party conditions as per section 5(3) of CARO”, explicitly governing third‑party reliance for CDD

EKYC Guidelines:-
- Paragraph 6.8 states that E‑KYC data “should not be shared to other third-party unless consented by the customer”, explicitly addressing conditions under which third parties may be involved in handling CDD-related data;
- Paragraph 6.12 specifies that if the E‑KYC solution “is hosted or provided by a third-party”, institutions must observe IT Third Party Risk Management Guidelines, explicitly acknowledging third‑party involvement in E‑KYC supporting CDD","Paragraph 5.1 of the EKYC Guidelines:
Banks and FIs utilising EKYC in conducting periodic reviews to previously obtained customer information should be able to specify certain information that can be obtained from or updated by the customers without the need for verification.","EKYC Notice:-
- explicit requirements for compliance with record-keeping requirements under section 14 CARO (paragraph 4.2);
- requirements for all successful and failed authentications shall be recorded (paragraph 5.11);
- requirements to keep record of EKYC data and EKYC system performance to support review and compliance, an explicit record retention requirement (paragraph 5.14).

EKYC Guidelines:-
- In compliance with record keeping requirements, Banks and FIs should ensure the EKYC is able to detect any records or information on the customer and be accessible or linked to the customer database so as to assist Banks and FIs in conducting complete KYC/CD requirements and risk categorisation of its customers (paragraph 4.2);
- storage/retention and use limitations (paragraph 6.8);
- requirements on the retention of logs and audit records for review and anlysis (paragraph 6.9).",No specific requirements on STR reporting,No specific requirements to mandate threshold-based CTR,No specific requirements on wire‑transfer information requirements,"EKYC Notice:-
- Record keeping requirements (paragraph 4.2)
- Testing and Reporting (paragraphs 5.11-5.14)
- Risk Identification and mitigation measures (Paragraph 6.1)
- Audit arrangements (paragraph 6.5)

EKYC Guidelines:-
- Application logs and audit trails (Paragraph 6.9)
- periodic review and assessment of accuracy (paragraph 6.10)
- periodic security assessment (paragraph 6.11)
- audit arrangements, robustness of security and internal controls (paragraph 7.1)","EKYC Notice:-
- Identification and analysis of ML/TF and EKYC risks (Paragraph 6.1);
- Risk-based prohibition for high-risk customers (Paragraph 6.2):
- Risk-based customer categorisation (Paragraph 4.3);
- Assessment and control of identification error risk (Paragraphs 5.8-5.10) 

EKYC Guidelines:-
- Periodic assessment of effectiveness and bias (paragraph 6.10);
- Security and vulnerability assessment (paragraph 6.11);
- Assurance over risk management (paragraph 7.1)

'Risk assessment is required to determine suitability of non‑face‑to‑face onboarding methods",No specific requirements,"No specific guidelines on:
- designation lists;
- freezing obligations; or
- sanction reporting",https://www.bdcb.gov.bn/docs/amlcft/obligations/(Notice-FIU.N-1.2022.1)%20EKYC%20Notice.pdf,https://www.bdcb.gov.bn/docs/amlcft/obligations/(Notice-FIU.N-1.2022.1)%20EKYC%20Notice%20-%20APPENDIX%201.pdf,
Brunei Darussalam,Brunei Darussalam Central Bank (BDCB),Financial Intelligence Unit (FIU),Guidelines on Measures Non-Face-to-Face Customer Onboarding and Ongoing Customer Due Diligence,2022.0,Banks and financial institutions,,,,,,,,,,,,,,,https://www.bdcb.gov.bn/docs/amlcft/obligations/(Guidelines-FIU.G-1.2022.1)%20EKYC%20Guidelines.pdf,https://www.bdcb.gov.bn/docs/amlcft/obligations/(Guidelines-FIU.G-1.2022.1)%20EKYC%20Guidelines.pdf,
Brunei Darussalam,Brunei Darussalam Central Bank (BDCB),Financial Intelligence Unit (FIU),"Guidelines on Anti-Money Laundering and Combating the Financing of Terrorism (AML/CFT) Transaction Monitoring Programme, as amended",2026.0,For Financial Institutions,"The Guidelines require CDD/KYC to be completed prior to establishing a business relationship and embed CDD as a prerequisite for effective transaction monitoring. They also mandate a risk‑based approach, distinguishing higher‑risk customers (including PEPs) and requiring enhanced understanding and monitoring.

Relevant sections:
- CDD before relationship: paragrapjs 2.1–2.2
- Risk‑based categorisation: paragraph 2.4","-Mandatory conduct of CDD before establishing a business relationship (paragraph 2.1);
- Timing requirement for completing CDD (onboarding) (paragraph 2.2);
- requirements to identify purpose and intended nature of the relationship, identify source of funds and source of wealth for PEP customers and determining the types and volumes of transactions (paragraphs 2.2.1-2.2.3);
- Ongoing obligation to keep CDD information accurate and up to date (paragraph 2.3);
- Requirement to risk-classify customers as part of risk-based CDD (paragraph 2.4)","-Paragraph 2.2.2 states the requirement to establish source of funds and source of wealth for customers and beneficial owners identified as PEPs;
-Paragraph 2.3 states the requirement to ensure that the customer information obtained is complete, accurate and updated, particularly on high risk customers and PEPs.",No specific requirements on regulating correspondent banking relationships,No specific requirements permitting or regulating reliance on third parties for CDD,"- Paragraph 2.3 states the requirement to keep customer information updated after onboarding;
- Paragraph 2.4 requires continous customer risk categorisation, supporting ongoing due diligence;
- Paragraph 4.1 uses existing customer profiles and transaction history as part of continous monitoring;
- Paragraph 4.4 requires FIs and DNFBPs to periodically update customer risk profiles based on monitoring outcomes.",No specific requirements on record retention,"- Paragraph 1.6 provides explicit obligation to ensure STR filing is not delayed;
- Paragraph 3.1 states the purpose of AML/CFT transaction monitoring is to detect potentially suspicious and unusual transactions in a timely manner to ensure that STRs are promptly submitted to the FIU, once suspicion of ML/TF is confirmed;
- Paragraph 4.3 provides explicit requirement on timeliness and documentation of STR by officers conducting reviews and alerts;
- Paragraph 6.2.3 provides requirements to include STR filing in independent audit scope.",No specific requirements to mandate threshold-based CTR,No specific requirements on wire‑transfer information requirements,"- Paragraphs 1.1-1.3 requires FIs to establish controls and processes as part of AML/CFT internal controls requirements and maintaining systems as part of internal control framework.
- Paragraph 1.6 states the expectations for FIs to have in place written policies and procedures for the AML/CFT transaction monitoring programme implemented where it should be updated and should not delay the filing of STRs to the FIU;
- Explicit internal control requirement to prevent tipping off (paragraph 4.7);
- Requirements for FIs to have in place internal controls in regard to data access, confidentiality and system security (paragraph 4.8);
- FIs are expected to conduct quality assurance checks on a periodic basis on a sample of alerts to test the robustness and effectiveness of the identification and detection of suspicious transactions, parameters adopted, review and investigation of suspicious and unusual transaction and associated policies and procedures; detect and remediate any systemic weaknesses; and improve the quality of investigation of alerts generated and STRs filed (paragraphs 5.1 - 5.1.3)
- Governance oversight as a core internal control requirement (paragraph 6.4);
- Control escalation and governance accountability (paragraph 6.5).","-Paragraph 1.4: FIs are expected to adopt an AML/CFT transaction monitoring programme that operates on a risk-based approach and is best suited to the business model, size, complexity and risk exposure.
-Paragraph 1.5: Risk assessments and justifications for the AML/CFT transaction monitoring programme adopted should be conducted and documented in writing and provided to the Authority when requested;
- Paragraph 1.8.1: Explicit reference to assessing and understanding risk profiles.
- Paragraph 2.1: Requirement to identify and understand institutional and customer risks;
- Paragraph 2.4: requirement to assess and classify customers based on risk;
- Paragraph 4.4: requirement to reassess and update risk profiles on an ongoing basis;
- paragraph 6.2: Audit scope implicity includes assessment of risk management effectiveness within the programmes.",No specific requirements,No specific guidelines on TFS,https://www.bdcb.gov.bn/docs/amlcft/obligations/BDCB_Guidelines_FIU.G-1.2020.1-Amended2026-Guidelines-on-AML.CFT-TMProgramme.pdf,https://www.bdcb.gov.bn/docs/amlcft/obligations/BDCB_Guidelines_FIU.G-1.2020.1-Amended2026-Guidelines-on-AML.CFT-TMProgramme.pdf,
Cambodia,National Bank of Cambodia,Cambodia Financial Intelligence Unit (CAFIU),Law on Anti-Money Laundering and Combating the Financing of Terrorism,2020.0,"- Banks, including branches of foreign banks
- Non-bank financial institutions
- Micro finance institutions
- Credit cooperatives
- Leasing companies, investment and pension funds, investment companies and companies for managing investment funds
- Exchange offices
- Remittance services
- Trust
- Agents, companies and developers of immovable property, building and land
- Dealers in precious metals, stones and gems
- Post office operating payment transactions
- Lawyers, notaries, accountants, auditors, investment advisors and asset managers when they prepare or carry out transactions for their clients concerning (i) buying and selling immovable property, building and land; (ii) managing of client money; (iii) establishment, operation or management of legal persons or arrangements, and buying and selling of business entities; (iv) trust or company providing services
- Casinos and other gambling institutions
- Non-governmental organizations and foundations engaging in business activities and fund raising

","Risk-based approach: simplified CDD where AML/CFT risk is low and enhanced CDD where AML/CFT risk is high

To be undertaken:
- prior to establishing business relations
- prior to carrying out occasional or one-off transactions, including wire transfers
- if the reporting entity has a suspicion of money laundering and/or financing of terrorism irrespective of the sum involved in the transaction
- if the reporting entity has any doubts about the veracity or adequacy of previously obtained customer identification data

Thresholds for undertaking CDD:
- occasional or one-off transactions: 40 million Riels
- remittance and wire transfers: 4 million Riels
- dealers in precious metals, stones and gem: 60 million Riels
- casinos and other gambling institutions: 12 million Riels
","- For natural persons (including principal customer): full name, birth date, identity card/passport, occupation/business, nationality, address, and whether they are acting on behalf of another person
- For legal persons: registered name, date of incorporation, registered number issued by incorporating authority, registered office, address, nature of business, names and addresses of directors or partners, names and addresses of shareholders, names and address of any person who is authorized to represent the legal person or beneficial owner of the legal person
- For trust or legal arrangement: name of the trust or legal arrangement, name of the trustee and trustor/donor, name of appointor who appointed the person, name of beneficiaries
- For non-government organization or foundation: constitution documents, personal information of all account signatories, information on who is in control, use of funds
","Enhanced due diligence requirements apply. In addition to the CDD measures -

For foreign PEPs, family members and close associates:
- obtain senior management approval before establishing (or continuing, for existing customers) the relationship
- take reasonable measures to establish the source of funds and wealth of such persons and beneficial owners identified as PEPs
- ensure that enhanced, ongoing monitoring is conducted on that relationship
- put risk management systems in place to identify customers or beneficial owners who are foreign PEPs

For domestic or international PEPs, family members and close associates
- take reasonable measures to determine whether a customer or beneficial owner is a domestic or international PEP
- apply enhanced, ongoing monitoring where a customer is identified as a domestic or international PEPs and the relationship is assessed as a higher risk relationship","- gather and assess information on the respondent institutions: (i) board of directors and management; (ii) full understanding of nature and purposes of business activities and products or services; (iii) countries or jurisdictions in which it operates; (iv) reputation determine from publicly or any available sources of information; (v) subjected legislation, regulation and supervision; (vi) AML/CFT measures and controls; and (vi) annual reports
- obtain senior management approval of the relationship upon being satisfied that the assessment of the information gathered demonstrates that the risk of ML/TF associated with the relationship is low and can be managed or mitigated and the AML/CFT responsibilities of both parties to the relationship are clearly understood and documented
- terminate or not establish or contine the correspondent relationships or occasional transactions with shell banks and financial institutions
- ensure that respondent financial institutions do not permit their accounts to be used by shell banks and financial institutions
- exercise enhanced CDD with respect to correspondent or respondent institutions which allow direct use of the correspondent account by their customers","Allowed if the third party is part of the same financial group as the reporting entity and:
1. the group applies CDD and record keeping requirements that are in accordance with the requirements of the AML/CFT Law and directives
2. the implementation of group wide CDD and record keeping requirements are supervised at group level by a competent authority
3. CDD processes undertaken in higher risk countries adequately mitigate risk by the group's AML/CFT policies and controls

- ultimate responsibility remains with reporting entity
- ensure that third party retains copies of identification data and any other relevant documents in their records, which shall be made available to the reporting entity when required without delay
- third party should be regulated, supervised or monitored for compliance with the FATF standards relating to CDD and record keeping
- periodic review of CDD measures undertaken by third parties
- not allowed if the third party is based in jurisdictions that have been identified as posing a high level of ML/TF risk pursuant to instruction issued by CAFIU","- scrutinize transactions undertaken throughout the course of the relationship to ensure that the transactions are consistent with the reporting entity's knowledge of the customers, their businesses and risk profiles, including the source of funds
- ensure that documents, data or information collected under the CDD process are kept up-to-date and relevant, by undertaking reviews of existing records, particularly for high-risk categories of customers","- Maintain any records of customer identification and records of transactions for at least five (5) years after the date of creation of the document or the account has been closed or the business relations have ended 
- Beyond five (5) years if subject to ongoing investigation or suspicious transaction report, until CAFIU confirmation that such records are no longer needed","- report within 24 hours to CAFIU if reporting entity suspects or has reasonable grounds to suspect that funds are the proceeds of an offense, or are related to the financing of terrorism
- STR should include, at a minimum: (i) identity and identifying particulars of the reporting entity, including the name and contact details of the reporting officer; (ii) identity and identifying particulars of the customer and beneficiary involved in the transactions; (iii) type and details of transaction; and (iv) short description of the circumstances and reasons that justify the suspicion
- prohibition against tipping off
","- Report to CAFIU cash transactions equal to or exceeding 40 million Riels or foreign currency equivalent within 14 days of the transaction date
- Reportable cash transactions include multiple cash transactions for customer/account where the total amount of the combined transactions is equal to or exceeds 40 million Riels or foreign currency equivalent in any one day","In conducting or participating in cross-border wire transfer transactions with an amount equal to or above 4 million Riels or foreign currency equivalent, reporting entity shall include and verify the following information:
- full name of the originator and beneficiary
- account number of the originator and beneficiary, or where no account number is available, unique transaction reference that will permit the transaction to be traced
- originator's address or customer identification number or national identity number or personal identification number issued by competent authorities or date and place of birth
- originator's purpose

Several cross-border wire transfers from a single originator the total value of which is equal to or above 4 million Riels or foreign currency equivalent within one day shall be bundled in a batch file for transmission to beneficiaries, including the required originator and beneficiary information.

Cross-border wire transfer for less than 4 million Riels or foreign currency equivalent shall be accompanied by required originator and beneficiary information, except for originator's address or identification number.



","- internal policies, procedures and controls, including appropriate compliance arrangements and adequate screening procedures to ensure high standards when hiring employees
- designation of compliance officer at senior management level
- ongoing training for officers or employees
- internal audit function to check compliance with and effectiveness of measures taken to apply the law
- adequate management information system for identifying, detecting and scrutinizing business relationships and occasional transactions","Risk assessment should include an assessment of the following categories of risk:
- customer risk
- geographic risk associated with transactions, customers, products and services, and others
- risks associated with individual products, services, delivery channels and/or technologies
- other factors giving rise to the risk of ML/TF within or involving the reporting entity

ML/TF risks associated with new products, services, delivery channels and/or technologies shall be assessed prior to implementation","- CAFIU shall, subject to a reciprocal arrangement, exchange information with foreign FIUs, provided that they are subject to similar requirements of confidentiality 
- Party to key international conventions, including the Vienna Convention, Palermo Convention, and UNCAC
- Member of the Egmont Group and Asia/Pacific Group on Money Laundering (APG)","- ensure compliance with the United Nations Security Council (UNSC) Resolutions 
- extend STR mechanism to cover the financing of terrorism or property or funds or other services that is suspected to be subject to targeted financial sanctions
- maintain record of names and particulars or terrorist in the UN list and any terrorists designated by the authorities of Cambodia
- conduct checks of the names of new and existing customers against the names in the UN and domestic lists of designated terrorists
- immediate freezing of property, funds or other services for customers that match the records of designated terrorists",https://cafiu.gov.kh/api/client/upload/1722908919609-fileEn.pdf,https://cafiu.gov.kh/api/client/upload/1722908919609-fileEn.pdf,
Cambodia,National Bank of Cambodia,Cambodia Financial Intelligence Unit (CAFIU),Law on Combating the Financing of Proliferation of Weapons of Mass Destruction,2020.0,"- Banks, including branches of foreign banks
- Non-bank financial institutions
- Micro finance institutions
- Credit cooperatives
- Leasing companies, investment and pension funds, investment companies and companies for managing investment funds
- Exchange offices
- Remittance services
- Trust
- Agents, companies and developers of immovable property, building and land
- Dealers in precious metals, stones and gems
- Post office operating payment transactions
- Lawyers, notaries, accountants, auditors, investment advisors and asset managers when they prepare or carry out transactions for their clients concerning (i) buying and selling immovable property, building and land; (ii) managing of client money; (iii) establishment, operation or management of legal persons or arrangements, and buying and selling of business entities; (iv) trust or company providing services
- Casinos and other gambling institutions
- Non-governmental organizations and foundations engaging in business activities and fund raising

","Risk-based approach: simplified CDD where AML/CFT risk is low and enhanced CDD where AML/CFT risk is high

To be undertaken:
- prior to establishing business relations
- prior to carrying out occasional or one-off transactions, including wire transfers
- if the reporting entity has a suspicion of money laundering and/or financing of terrorism irrespective of the sum involved in the transaction
- if the reporting entity has any doubts about the veracity or adequacy of previously obtained customer identification data

Thresholds for undertaking CDD:
- occasional or one-off transactions: 40 million Riels
- remittance and wire transfers: 4 million Riels
- dealers in precious metals, stones and gem: 60 million Riels
- casinos and other gambling institutions: 12 million Riels
","- For natural persons (including principal customer): full name, birth date, identity card/passport, occupation/business, nationality, address, and whether they are acting on behalf of another person
- For legal persons: registered name, date of incorporation, registered number issued by incorporating authority, registered office, address, nature of business, names and addresses of directors or partners, names and addresses of shareholders, names and address of any person who is authorized to represent the legal person or beneficial owner of the legal person
- For trust or legal arrangement: name of the trust or legal arrangement, name of the trustee and trustor/donor, name of appointor who appointed the person, name of beneficiaries
- For non-government organization or foundation: constitution documents, personal information of all account signatories, information on who is in control, use of funds
","Enhanced due diligence requirements apply. In addition to the CDD measures -

For foreign PEPs, family members and close associates:
- obtain senior management approval before establishing (or continuing, for existing customers) the relationship
- take reasonable measures to establish the source of funds and wealth of such persons and beneficial owners identified as PEPs
- ensure that enhanced, ongoing monitoring is conducted on that relationship
- put risk management systems in place to identify customers or beneficial owners who are foreign PEPs

For domestic or international PEPs, family members and close associates
- take reasonable measures to determine whether a customer or beneficial owner is a domestic or international PEP
- apply enhanced, ongoing monitoring where a customer is identified as a domestic or international PEPs and the relationship is assessed as a higher risk relationship","- gather and assess information on the respondent institutions: (i) board of directors and management; (ii) full understanding of nature and purposes of business activities and products or services; (iii) countries or jurisdictions in which it operates; (iv) reputation determine from publicly or any available sources of information; (v) subjected legislation, regulation and supervision; (vi) AML/CFT measures and controls; and (vi) annual reports
- obtain senior management approval of the relationship upon being satisfied that the assessment of the information gathered demonstrates that the risk of ML/TF associated with the relationship is low and can be managed or mitigated and the AML/CFT responsibilities of both parties to the relationship are clearly understood and documented
- terminate or not establish or contine the correspondent relationships or occasional transactions with shell banks and financial institutions
- ensure that respondent financial institutions do not permit their accounts to be used by shell banks and financial institutions
- exercise enhanced CDD with respect to correspondent or respondent institutions which allow direct use of the correspondent account by their customers","Allowed if the third party is part of the same financial group as the reporting entity and:
1. the group applies CDD and record keeping requirements that are in accordance with the requirements of the AML/CFT Law and directives
2. the implementation of group wide CDD and record keeping requirements are supervised at group level by a competent authority
3. CDD processes undertaken in higher risk countries adequately mitigate risk by the group's AML/CFT policies and controls

- ultimate responsibility remains with reporting entity
- ensure that third party retains copies of identification data and any other relevant documents in their records, which shall be made available to the reporting entity when required without delay
- third party should be regulated, supervised or monitored for compliance with the FATF standards relating to CDD and record keeping
- periodic review of CDD measures undertaken by third parties
- not allowed if the third party is based in jurisdictions that have been identified as posing a high level of ML/TF risk pursuant to instruction issued by CAFIU","- scrutinize transactions undertaken throughout the course of the relationship to ensure that the transactions are consistent with the reporting entity's knowledge of the customers, their businesses and risk profiles, including the source of funds
- ensure that documents, data or information collected under the CDD process are kept up-to-date and relevant, by undertaking reviews of existing records, particularly for high-risk categories of customers","- Maintain any records of customer identification and records of transactions for at least five (5) years after the date of creation of the document or the account has been closed or the business relations have ended 
- Beyond five (5) years if subject to ongoing investigation or suspicious transaction report, until CAFIU confirmation that such records are no longer needed","- report within 24 hours to CAFIU if reporting entity suspects or has reasonable grounds to suspect that funds are the proceeds of an offense, or are related to the financing of terrorism
- STR should include, at a minimum: (i) identity and identifying particulars of the reporting entity, including the name and contact details of the reporting officer; (ii) identity and identifying particulars of the customer and beneficiary involved in the transactions; (iii) type and details of transaction; and (iv) short description of the circumstances and reasons that justify the suspicion
- prohibition against tipping off
","- Report to CAFIU cash transactions equal to or exceeding 40 million Riels or foreign currency equivalent within 14 days of the transaction date
- Reportable cash transactions include multiple cash transactions for customer/account where the total amount of the combined transactions is equal to or exceeds 40 million Riels or foreign currency equivalent in any one day","In conducting or participating in cross-border wire transfer transactions with an amount equal to or above 4 million Riels or foreign currency equivalent, reporting entity shall include and verify the following information:
- full name of the originator and beneficiary
- account number of the originator and beneficiary, or where no account number is available, unique transaction reference that will permit the transaction to be traced
- originator's address or customer identification number or national identity number or personal identification number issued by competent authorities or date and place of birth
- originator's purpose

Several cross-border wire transfers from a single originator the total value of which is equal to or above 4 million Riels or foreign currency equivalent within one day shall be bundled in a batch file for transmission to beneficiaries, including the required originator and beneficiary information.

Cross-border wire transfer for less than 4 million Riels or foreign currency equivalent shall be accompanied by required originator and beneficiary information, except for originator's address or identification number.



","- internal policies, procedures and controls, including appropriate compliance arrangements and adequate screening procedures to ensure high standards when hiring employees
- designation of compliance officer at senior management level
- ongoing training for officers or employees
- internal audit function to check compliance with and effectiveness of measures taken to apply the law
- adequate management information system for identifying, detecting and scrutinizing business relationships and occasional transactions","Risk assessment should include an assessment of the following categories of risk:
- customer risk
- geographic risk associated with transactions, customers, products and services, and others
- risks associated with individual products, services, delivery channels and/or technologies
- other factors giving rise to the risk of ML/TF within or involving the reporting entity

ML/TF risks associated with new products, services, delivery channels and/or technologies shall be assessed prior to implementation","- CAFIU shall, subject to a reciprocal arrangement, exchange information with foreign FIUs, provided that they are subject to similar requirements of confidentiality 
- Party to key international conventions, including the Vienna Convention, Palermo Convention, and UNCAC
- Member of the Egmont Group and Asia/Pacific Group on Money Laundering (APG)","- ensure compliance with the United Nations Security Council (UNSC) Resolutions 
- extend STR mechanism to cover the financing of terrorism or property or funds or other services that is suspected to be subject to targeted financial sanctions
- maintain record of names and particulars or terrorist in the UN list and any terrorists designated by the authorities of Cambodia
- conduct checks of the names of new and existing customers against the names in the UN and domestic lists of designated terrorists
- immediate freezing of property, funds or other services for customers that match the records of designated terrorists",https://cafiu.gov.kh/api/client/upload/1722312194586-fileEn.pdf,https://cafiu.gov.kh/api/client/upload/1722312194586-fileEn.pdf,
Cambodia,National Bank of Cambodia,Cambodia Financial Intelligence Unit (CAFIU),Compilation of Directives for Reporting Entities to Implement the Law on Anti-Money Laundering and Combating the Financing of Terrorism,2023.0,"- Banks, including branches of foreign banks
- Non-bank financial institutions
- Micro finance institutions
- Credit cooperatives
- Leasing companies, investment and pension funds, investment companies and companies for managing investment funds
- Exchange offices
- Remittance services
- Trust
- Agents, companies and developers of immovable property, building and land
- Dealers in precious metals, stones and gems
- Post office operating payment transactions
- Lawyers, notaries, accountants, auditors, investment advisors and asset managers when they prepare or carry out transactions for their clients concerning (i) buying and selling immovable property, building and land; (ii) managing of client money; (iii) establishment, operation or management of legal persons or arrangements, and buying and selling of business entities; (iv) trust or company providing services
- Casinos and other gambling institutions
- Non-governmental organizations and foundations engaging in business activities and fund raising

","Risk-based approach: simplified CDD where AML/CFT risk is low and enhanced CDD where AML/CFT risk is high

To be undertaken:
- prior to establishing business relations
- prior to carrying out occasional or one-off transactions, including wire transfers
- if the reporting entity has a suspicion of money laundering and/or financing of terrorism irrespective of the sum involved in the transaction
- if the reporting entity has any doubts about the veracity or adequacy of previously obtained customer identification data

Thresholds for undertaking CDD:
- occasional or one-off transactions: 40 million Riels
- remittance and wire transfers: 4 million Riels
- dealers in precious metals, stones and gem: 60 million Riels
- casinos and other gambling institutions: 12 million Riels
","- For natural persons (including principal customer): full name, birth date, identity card/passport, occupation/business, nationality, address, and whether they are acting on behalf of another person
- For legal persons: registered name, date of incorporation, registered number issued by incorporating authority, registered office, address, nature of business, names and addresses of directors or partners, names and addresses of shareholders, names and address of any person who is authorized to represent the legal person or beneficial owner of the legal person
- For trust or legal arrangement: name of the trust or legal arrangement, name of the trustee and trustor/donor, name of appointor who appointed the person, name of beneficiaries
- For non-government organization or foundation: constitution documents, personal information of all account signatories, information on who is in control, use of funds
","Enhanced due diligence requirements apply. In addition to the CDD measures -

For foreign PEPs, family members and close associates:
- obtain senior management approval before establishing (or continuing, for existing customers) the relationship
- take reasonable measures to establish the source of funds and wealth of such persons and beneficial owners identified as PEPs
- ensure that enhanced, ongoing monitoring is conducted on that relationship
- put risk management systems in place to identify customers or beneficial owners who are foreign PEPs

For domestic or international PEPs, family members and close associates
- take reasonable measures to determine whether a customer or beneficial owner is a domestic or international PEP
- apply enhanced, ongoing monitoring where a customer is identified as a domestic or international PEPs and the relationship is assessed as a higher risk relationship","- gather and assess information on the respondent institutions: (i) board of directors and management; (ii) full understanding of nature and purposes of business activities and products or services; (iii) countries or jurisdictions in which it operates; (iv) reputation determine from publicly or any available sources of information; (v) subjected legislation, regulation and supervision; (vi) AML/CFT measures and controls; and (vi) annual reports
- obtain senior management approval of the relationship upon being satisfied that the assessment of the information gathered demonstrates that the risk of ML/TF associated with the relationship is low and can be managed or mitigated and the AML/CFT responsibilities of both parties to the relationship are clearly understood and documented
- terminate or not establish or contine the correspondent relationships or occasional transactions with shell banks and financial institutions
- ensure that respondent financial institutions do not permit their accounts to be used by shell banks and financial institutions
- exercise enhanced CDD with respect to correspondent or respondent institutions which allow direct use of the correspondent account by their customers","Allowed if the third party is part of the same financial group as the reporting entity and:
1. the group applies CDD and record keeping requirements that are in accordance with the requirements of the AML/CFT Law and directives
2. the implementation of group wide CDD and record keeping requirements are supervised at group level by a competent authority
3. CDD processes undertaken in higher risk countries adequately mitigate risk by the group's AML/CFT policies and controls

- ultimate responsibility remains with reporting entity
- ensure that third party retains copies of identification data and any other relevant documents in their records, which shall be made available to the reporting entity when required without delay
- third party should be regulated, supervised or monitored for compliance with the FATF standards relating to CDD and record keeping
- periodic review of CDD measures undertaken by third parties
- not allowed if the third party is based in jurisdictions that have been identified as posing a high level of ML/TF risk pursuant to instruction issued by CAFIU","- scrutinize transactions undertaken throughout the course of the relationship to ensure that the transactions are consistent with the reporting entity's knowledge of the customers, their businesses and risk profiles, including the source of funds
- ensure that documents, data or information collected under the CDD process are kept up-to-date and relevant, by undertaking reviews of existing records, particularly for high-risk categories of customers","- Maintain any records of customer identification and records of transactions for at least five (5) years after the date of creation of the document or the account has been closed or the business relations have ended 
- Beyond five (5) years if subject to ongoing investigation or suspicious transaction report, until CAFIU confirmation that such records are no longer needed","- report within 24 hours to CAFIU if reporting entity suspects or has reasonable grounds to suspect that funds are the proceeds of an offense, or are related to the financing of terrorism
- STR should include, at a minimum: (i) identity and identifying particulars of the reporting entity, including the name and contact details of the reporting officer; (ii) identity and identifying particulars of the customer and beneficiary involved in the transactions; (iii) type and details of transaction; and (iv) short description of the circumstances and reasons that justify the suspicion
- prohibition against tipping off
","- Report to CAFIU cash transactions equal to or exceeding 40 million Riels or foreign currency equivalent within 14 days of the transaction date
- Reportable cash transactions include multiple cash transactions for customer/account where the total amount of the combined transactions is equal to or exceeds 40 million Riels or foreign currency equivalent in any one day","In conducting or participating in cross-border wire transfer transactions with an amount equal to or above 4 million Riels or foreign currency equivalent, reporting entity shall include and verify the following information:
- full name of the originator and beneficiary
- account number of the originator and beneficiary, or where no account number is available, unique transaction reference that will permit the transaction to be traced
- originator's address or customer identification number or national identity number or personal identification number issued by competent authorities or date and place of birth
- originator's purpose

Several cross-border wire transfers from a single originator the total value of which is equal to or above 4 million Riels or foreign currency equivalent within one day shall be bundled in a batch file for transmission to beneficiaries, including the required originator and beneficiary information.

Cross-border wire transfer for less than 4 million Riels or foreign currency equivalent shall be accompanied by required originator and beneficiary information, except for originator's address or identification number.



","- internal policies, procedures and controls, including appropriate compliance arrangements and adequate screening procedures to ensure high standards when hiring employees
- designation of compliance officer at senior management level
- ongoing training for officers or employees
- internal audit function to check compliance with and effectiveness of measures taken to apply the law
- adequate management information system for identifying, detecting and scrutinizing business relationships and occasional transactions","Risk assessment should include an assessment of the following categories of risk:
- customer risk
- geographic risk associated with transactions, customers, products and services, and others
- risks associated with individual products, services, delivery channels and/or technologies
- other factors giving rise to the risk of ML/TF within or involving the reporting entity

ML/TF risks associated with new products, services, delivery channels and/or technologies shall be assessed prior to implementation","- CAFIU shall, subject to a reciprocal arrangement, exchange information with foreign FIUs, provided that they are subject to similar requirements of confidentiality 
- Party to key international conventions, including the Vienna Convention, Palermo Convention, and UNCAC
- Member of the Egmont Group and Asia/Pacific Group on Money Laundering (APG)","- ensure compliance with the United Nations Security Council (UNSC) Resolutions 
- extend STR mechanism to cover the financing of terrorism or property or funds or other services that is suspected to be subject to targeted financial sanctions
- maintain record of names and particulars or terrorist in the UN list and any terrorists designated by the authorities of Cambodia
- conduct checks of the names of new and existing customers against the names in the UN and domestic lists of designated terrorists
- immediate freezing of property, funds or other services for customers that match the records of designated terrorists",https://cafiu.gov.kh/api/client/upload/1722910255592-fileEn.pdf,https://cafiu.gov.kh/api/client/upload/1722910255592-fileEn.pdf,
Cambodia,National Bank of Cambodia,Cambodia Financial Intelligence Unit (CAFIU),Prakas on Anti- Money Laundering and Combating the Financing of Terrorism relating to All Reporting Entities not regulated by the National Bank of Cambodia,2010.0,"- Banks, including branches of foreign banks
- Non-bank financial institutions
- Micro finance institutions
- Credit cooperatives
- Leasing companies, investment and pension funds, investment companies and companies for managing investment funds
- Exchange offices
- Remittance services
- Trust
- Agents, companies and developers of immovable property, building and land
- Dealers in precious metals, stones and gems
- Post office operating payment transactions
- Lawyers, notaries, accountants, auditors, investment advisors and asset managers when they prepare or carry out transactions for their clients concerning (i) buying and selling immovable property, building and land; (ii) managing of client money; (iii) establishment, operation or management of legal persons or arrangements, and buying and selling of business entities; (iv) trust or company providing services
- Casinos and other gambling institutions
- Non-governmental organizations and foundations engaging in business activities and fund raising

","Risk-based approach: simplified CDD where AML/CFT risk is low and enhanced CDD where AML/CFT risk is high

To be undertaken:
- prior to establishing business relations
- prior to carrying out occasional or one-off transactions, including wire transfers
- if the reporting entity has a suspicion of money laundering and/or financing of terrorism irrespective of the sum involved in the transaction
- if the reporting entity has any doubts about the veracity or adequacy of previously obtained customer identification data

Thresholds for undertaking CDD:
- occasional or one-off transactions: 40 million Riels
- remittance and wire transfers: 4 million Riels
- dealers in precious metals, stones and gem: 60 million Riels
- casinos and other gambling institutions: 12 million Riels
","- For natural persons (including principal customer): full name, birth date, identity card/passport, occupation/business, nationality, address, and whether they are acting on behalf of another person
- For legal persons: registered name, date of incorporation, registered number issued by incorporating authority, registered office, address, nature of business, names and addresses of directors or partners, names and addresses of shareholders, names and address of any person who is authorized to represent the legal person or beneficial owner of the legal person
- For trust or legal arrangement: name of the trust or legal arrangement, name of the trustee and trustor/donor, name of appointor who appointed the person, name of beneficiaries
- For non-government organization or foundation: constitution documents, personal information of all account signatories, information on who is in control, use of funds
","Enhanced due diligence requirements apply. In addition to the CDD measures -

For foreign PEPs, family members and close associates:
- obtain senior management approval before establishing (or continuing, for existing customers) the relationship
- take reasonable measures to establish the source of funds and wealth of such persons and beneficial owners identified as PEPs
- ensure that enhanced, ongoing monitoring is conducted on that relationship
- put risk management systems in place to identify customers or beneficial owners who are foreign PEPs

For domestic or international PEPs, family members and close associates
- take reasonable measures to determine whether a customer or beneficial owner is a domestic or international PEP
- apply enhanced, ongoing monitoring where a customer is identified as a domestic or international PEPs and the relationship is assessed as a higher risk relationship","- gather and assess information on the respondent institutions: (i) board of directors and management; (ii) full understanding of nature and purposes of business activities and products or services; (iii) countries or jurisdictions in which it operates; (iv) reputation determine from publicly or any available sources of information; (v) subjected legislation, regulation and supervision; (vi) AML/CFT measures and controls; and (vi) annual reports
- obtain senior management approval of the relationship upon being satisfied that the assessment of the information gathered demonstrates that the risk of ML/TF associated with the relationship is low and can be managed or mitigated and the AML/CFT responsibilities of both parties to the relationship are clearly understood and documented
- terminate or not establish or contine the correspondent relationships or occasional transactions with shell banks and financial institutions
- ensure that respondent financial institutions do not permit their accounts to be used by shell banks and financial institutions
- exercise enhanced CDD with respect to correspondent or respondent institutions which allow direct use of the correspondent account by their customers","Allowed if the third party is part of the same financial group as the reporting entity and:
1. the group applies CDD and record keeping requirements that are in accordance with the requirements of the AML/CFT Law and directives
2. the implementation of group wide CDD and record keeping requirements are supervised at group level by a competent authority
3. CDD processes undertaken in higher risk countries adequately mitigate risk by the group's AML/CFT policies and controls

- ultimate responsibility remains with reporting entity
- ensure that third party retains copies of identification data and any other relevant documents in their records, which shall be made available to the reporting entity when required without delay
- third party should be regulated, supervised or monitored for compliance with the FATF standards relating to CDD and record keeping
- periodic review of CDD measures undertaken by third parties
- not allowed if the third party is based in jurisdictions that have been identified as posing a high level of ML/TF risk pursuant to instruction issued by CAFIU","- scrutinize transactions undertaken throughout the course of the relationship to ensure that the transactions are consistent with the reporting entity's knowledge of the customers, their businesses and risk profiles, including the source of funds
- ensure that documents, data or information collected under the CDD process are kept up-to-date and relevant, by undertaking reviews of existing records, particularly for high-risk categories of customers","- Maintain any records of customer identification and records of transactions for at least five (5) years after the date of creation of the document or the account has been closed or the business relations have ended 
- Beyond five (5) years if subject to ongoing investigation or suspicious transaction report, until CAFIU confirmation that such records are no longer needed","- report within 24 hours to CAFIU if reporting entity suspects or has reasonable grounds to suspect that funds are the proceeds of an offense, or are related to the financing of terrorism
- STR should include, at a minimum: (i) identity and identifying particulars of the reporting entity, including the name and contact details of the reporting officer; (ii) identity and identifying particulars of the customer and beneficiary involved in the transactions; (iii) type and details of transaction; and (iv) short description of the circumstances and reasons that justify the suspicion
- prohibition against tipping off
","- Report to CAFIU cash transactions equal to or exceeding 40 million Riels or foreign currency equivalent within 14 days of the transaction date
- Reportable cash transactions include multiple cash transactions for customer/account where the total amount of the combined transactions is equal to or exceeds 40 million Riels or foreign currency equivalent in any one day","In conducting or participating in cross-border wire transfer transactions with an amount equal to or above 4 million Riels or foreign currency equivalent, reporting entity shall include and verify the following information:
- full name of the originator and beneficiary
- account number of the originator and beneficiary, or where no account number is available, unique transaction reference that will permit the transaction to be traced
- originator's address or customer identification number or national identity number or personal identification number issued by competent authorities or date and place of birth
- originator's purpose

Several cross-border wire transfers from a single originator the total value of which is equal to or above 4 million Riels or foreign currency equivalent within one day shall be bundled in a batch file for transmission to beneficiaries, including the required originator and beneficiary information.

Cross-border wire transfer for less than 4 million Riels or foreign currency equivalent shall be accompanied by required originator and beneficiary information, except for originator's address or identification number.



","- internal policies, procedures and controls, including appropriate compliance arrangements and adequate screening procedures to ensure high standards when hiring employees
- designation of compliance officer at senior management level
- ongoing training for officers or employees
- internal audit function to check compliance with and effectiveness of measures taken to apply the law
- adequate management information system for identifying, detecting and scrutinizing business relationships and occasional transactions","Risk assessment should include an assessment of the following categories of risk:
- customer risk
- geographic risk associated with transactions, customers, products and services, and others
- risks associated with individual products, services, delivery channels and/or technologies
- other factors giving rise to the risk of ML/TF within or involving the reporting entity

ML/TF risks associated with new products, services, delivery channels and/or technologies shall be assessed prior to implementation","- CAFIU shall, subject to a reciprocal arrangement, exchange information with foreign FIUs, provided that they are subject to similar requirements of confidentiality 
- Party to key international conventions, including the Vienna Convention, Palermo Convention, and UNCAC
- Member of the Egmont Group and Asia/Pacific Group on Money Laundering (APG)","- ensure compliance with the United Nations Security Council (UNSC) Resolutions 
- extend STR mechanism to cover the financing of terrorism or property or funds or other services that is suspected to be subject to targeted financial sanctions
- maintain record of names and particulars or terrorist in the UN list and any terrorists designated by the authorities of Cambodia
- conduct checks of the names of new and existing customers against the names in the UN and domestic lists of designated terrorists
- immediate freezing of property, funds or other services for customers that match the records of designated terrorists","https://cafiu.gov.kh/api/client/upload/1722329222657-fileEn.pdf#:~:text=Article%2025%20%E2%80%93%20Cash%20Transaction%20Reporting%2025.1,Million%20Riels%20(40,000,000R)%20or%20foreign%20currency%20equivalent.","https://cafiu.gov.kh/api/client/upload/1722329222657-fileEn.pdf#:~:text=Article%2025%20%E2%80%93%20Cash%20Transaction%20Reporting%2025.1,Million%20Riels%20(40,000,000R)%20or%20foreign%20currency%20equivalent.",
Indonesia,Bank Indonesia; Otoritas Jasa Keuangan (OJK),"Indonesian Financial Transaction Reports and Analysis Centre or INTRAC (Indonesian: Pusat Pelaporan dan Analisis Transaksi Keuangan, PPATK)",Law No. 8/2010 regarding Countermeasure and Eradication of Money Laundering,2010.0,"- Banks
- Financing companies
- Insurance companies and insurance broker companies
- Financial agency pension funds
- Securities companies
- Investment managers
- Custodians
- Parties who represent the interest of Bond Holder
- Postal company as provider of giro services
- Foreign exchange traders
- Providers of card-based payment instruments
- Providers of e-money and/or e-wallet
- Cooperatives engaging in savings and loan activities
- Pawn shops
- Company engaging in the field of commodity futures trading
- Providers of remittance services
- Real estate/property companies or agents
- Motor vehicle traders
- Diamond and jewelry/gold traders
- Art and antique goods traders
- Auction houses","Risk-based approach: simplified CDD where AML/CFT risk is low and enhanced CDD where AML/CFT risk is high

To be undertaken when:
- engaging in a business relationship with customers
- the value of transactions equal or exceed IDR 100 million or equivalent
- suspicious transactions are suspected
- there is doubt on the correctness of information reported by customers","- For individuals: full name (including aliases), identity document number (inc. ID card), address, place and date of birth, nationality, employment details, telephone number, gender, signature or biometric information
- For corporates: company name, form of legal/business entity, business license number (inc. business license issued by relevant authority), domicile address, place and date of incorporation (inc. Deed of Establishment and/or Articles of Association and corporate bylaws), type of business activities (inc. taxpayer ID card), telephone number, names directors and shareholders, information and data of authorized representatives (inc. identification documents)
- For legal arrangements: name, licence number of authorized institution (if applicable), domicile address, form of legal arrangement, information and data of authorized representatives, including supporting documentation
- For beneficial owner (except for government institutions, state-owned enterprises and publicly listed companies): legal relationship between the service user and the beneficial owner, written statement regarding authenticity of the beneficial owner's identity and source of funds
- Check names against the List of Suspected Terrorists and Terrorist Organizations (DTTOT) and/or the List of Funding for the Proliferation of Weapons of Mass Destruction (DPPSPM)","Enhanced due diligence requirements apply to Politically Exposed Persons (PEPs), their family members and close associates.
- senior management approval of business relationships with PEPs
- additional measures including determining the source of funds and wealth and strengthening monitoring of transactions
- establish written policies and procedures regarding CDD for PEPs","- Obtain information about counterparties and assess impact of relationships on the service provider's ML/TF risk profile before establishing relationship
- Prohibition against cooperating with shell banks
- Ensure counterparties do not allow their accounts to be used by shell banks","- Report reliance on third-party CDD to BI
- Document third party relationship in a written agreement
- Ensure the third party implements AML/CFT measures equivalent to those required under the regulations
- Obtain identification documents promptly
- Maintain a register of third parties
- Ensure the home country of the third party is not considered a high risk country
- Ultimate responsibility remains with service provider","- Conduct ongoing monitoring of business relationships and transactions to ensure that activities are consistent with profile
- Update customer and beneficial owner information when there are changes in data, changes in transaction patterns, significant increases in risk, or suspicions of money laundering, terrorism financing, or proliferation financing
- Investigate and clarify any resemblance or similarity between the names and identities of service users and those names and identities listed on the DTTOT, DPPSPM, PEP data, suspects or defendants published in the mass media or by authorized parties, and other independent and trusted databases","- Customer identification and transaction records must be retained for at least five years from the end of the business relationship 
- Retention period may be extended if required for certain investigatons or upon request from competent authorities","- STRs to PPATK within 3 working days of suspicion
- prohibition against tipping off","- Report to PPATK cash financial transactions amounting to at least 500 million Rupiah or foreign currency equivalent, conducted either in one or several transactions in one workday, within 14 working days from transaction date
- Transactions exempted from reporting:
1. transactions conducted by financial service providers with the government and the central bank
2. transactions for the payment of salaries or pensions
3. other transactions stipulated by the Head of PPATK or upon the request of financial service providers approved by PPATK

- report on international fund transfer transactions within 14 working days from transaction date","The originating provider must transmit accurate information to the intermediary provider or final receiving provider including at least:
- originator identity
- originator account number or unique transaction reference number
- beneficiary identity
- beneficiary account number or unique transaction reference number

For cross-border transfers below IDR 10 million or equivalent, originator information may be limited to the originator's name and beneficiary name.

Intermediary Providers must ensure completeness of originator information, identify cross-border transfers lacking required information, determine whether to proceed, delay, or reject transactions, maintain procedures for handling incomplete information, and retain all relevant data.

The final receiving Provider must verify the completeness of originator information, implement procedures for handling incomplete information, and verify the identity of the beneficiary where verification has not already been completed.","- written policies and procedures: customer due diligence, reporting, and risk management
- human resource management: employee screening, trainin and ongoing capacity building programs related to AML/CFT/CPF
- internal control systems: segregation of duties, independent audit functions, compliance monitoring
","- Assess risks of money laundering, terrorism financing, and proliferation financing before introducing new products, services, distribution channels, or technologies
- Risk assessment must consider customer risk, geographic risk, product/service risk, and delivery channel risk
- Implement appropriate risk mitigation controls","- international cooperation conducted by PPATK may be set out in a formal agreement or based on mutual legal assistance or the reciprocity principle with the following parties:
a. law enforcement agencies
b. agencies having the authority to supervise financial service providers
c. agencies having the task of auditing state financial management and accountability
d. financial intelligence units of other countries
e. other agencies related to the prevention of money laundering and other related criminal acts

- Party to key international conventions, including the Vienna Convention, Palermo Convention, and UNCAC
- Member of the Egmont Group and Asia/Pacific Group on Money Laundering (APG)","- List of Suspected Terrorists and Terrorist Organizatins (DTTOT) and Proliferation Financing List (DPPSPM)
- Immediate freezing of the relevant funds and submission of STR upon match with the List

",https://peraturan.go.id/files2/uu-no-8-tahun-2010_terjemah.pdf,https://peraturan.go.id/files2/uu-no-8-tahun-2010_terjemah.pdf,
Indonesia,Bank Indonesia; Otoritas Jasa Keuangan (OJK),"Indonesian Financial Transaction Reports and Analysis Centre or INTRAC (Indonesian: Pusat Pelaporan dan Analisis Transaksi Keuangan, PPATK)",Act No. 3/2011 concerning Funds Transfer,2011.0,"- Banks
- Financing companies
- Insurance companies and insurance broker companies
- Financial agency pension funds
- Securities companies
- Investment managers
- Custodians
- Parties who represent the interest of Bond Holder
- Postal company as provider of giro services
- Foreign exchange traders
- Providers of card-based payment instruments
- Providers of e-money and/or e-wallet
- Cooperatives engaging in savings and loan activities
- Pawn shops
- Company engaging in the field of commodity futures trading
- Providers of remittance services
- Real estate/property companies or agents
- Motor vehicle traders
- Diamond and jewelry/gold traders
- Art and antique goods traders
- Auction houses","Risk-based approach: simplified CDD where AML/CFT risk is low and enhanced CDD where AML/CFT risk is high

To be undertaken when:
- engaging in a business relationship with customers
- the value of transactions equal or exceed IDR 100 million or equivalent
- suspicious transactions are suspected
- there is doubt on the correctness of information reported by customers","- For individuals: full name (including aliases), identity document number (inc. ID card), address, place and date of birth, nationality, employment details, telephone number, gender, signature or biometric information
- For corporates: company name, form of legal/business entity, business license number (inc. business license issued by relevant authority), domicile address, place and date of incorporation (inc. Deed of Establishment and/or Articles of Association and corporate bylaws), type of business activities (inc. taxpayer ID card), telephone number, names directors and shareholders, information and data of authorized representatives (inc. identification documents)
- For legal arrangements: name, licence number of authorized institution (if applicable), domicile address, form of legal arrangement, information and data of authorized representatives, including supporting documentation
- For beneficial owner (except for government institutions, state-owned enterprises and publicly listed companies): legal relationship between the service user and the beneficial owner, written statement regarding authenticity of the beneficial owner's identity and source of funds
- Check names against the List of Suspected Terrorists and Terrorist Organizations (DTTOT) and/or the List of Funding for the Proliferation of Weapons of Mass Destruction (DPPSPM)","Enhanced due diligence requirements apply to Politically Exposed Persons (PEPs), their family members and close associates.
- senior management approval of business relationships with PEPs
- additional measures including determining the source of funds and wealth and strengthening monitoring of transactions
- establish written policies and procedures regarding CDD for PEPs","- Obtain information about counterparties and assess impact of relationships on the service provider's ML/TF risk profile before establishing relationship
- Prohibition against cooperating with shell banks
- Ensure counterparties do not allow their accounts to be used by shell banks","- Report reliance on third-party CDD to BI
- Document third party relationship in a written agreement
- Ensure the third party implements AML/CFT measures equivalent to those required under the regulations
- Obtain identification documents promptly
- Maintain a register of third parties
- Ensure the home country of the third party is not considered a high risk country
- Ultimate responsibility remains with service provider","- Conduct ongoing monitoring of business relationships and transactions to ensure that activities are consistent with profile
- Update customer and beneficial owner information when there are changes in data, changes in transaction patterns, significant increases in risk, or suspicions of money laundering, terrorism financing, or proliferation financing
- Investigate and clarify any resemblance or similarity between the names and identities of service users and those names and identities listed on the DTTOT, DPPSPM, PEP data, suspects or defendants published in the mass media or by authorized parties, and other independent and trusted databases","- Customer identification and transaction records must be retained for at least five years from the end of the business relationship 
- Retention period may be extended if required for certain investigatons or upon request from competent authorities","- STRs to PPATK within 3 working days of suspicion
- prohibition against tipping off","- Report to PPATK cash financial transactions amounting to at least 500 million Rupiah or foreign currency equivalent, conducted either in one or several transactions in one workday, within 14 working days from transaction date
- Transactions exempted from reporting:
1. transactions conducted by financial service providers with the government and the central bank
2. transactions for the payment of salaries or pensions
3. other transactions stipulated by the Head of PPATK or upon the request of financial service providers approved by PPATK

- report on international fund transfer transactions within 14 working days from transaction date","The originating provider must transmit accurate information to the intermediary provider or final receiving provider including at least:
- originator identity
- originator account number or unique transaction reference number
- beneficiary identity
- beneficiary account number or unique transaction reference number

For cross-border transfers below IDR 10 million or equivalent, originator information may be limited to the originator's name and beneficiary name.

Intermediary Providers must ensure completeness of originator information, identify cross-border transfers lacking required information, determine whether to proceed, delay, or reject transactions, maintain procedures for handling incomplete information, and retain all relevant data.

The final receiving Provider must verify the completeness of originator information, implement procedures for handling incomplete information, and verify the identity of the beneficiary where verification has not already been completed.","- written policies and procedures: customer due diligence, reporting, and risk management
- human resource management: employee screening, trainin and ongoing capacity building programs related to AML/CFT/CPF
- internal control systems: segregation of duties, independent audit functions, compliance monitoring
","- Assess risks of money laundering, terrorism financing, and proliferation financing before introducing new products, services, distribution channels, or technologies
- Risk assessment must consider customer risk, geographic risk, product/service risk, and delivery channel risk
- Implement appropriate risk mitigation controls","- international cooperation conducted by PPATK may be set out in a formal agreement or based on mutual legal assistance or the reciprocity principle with the following parties:
a. law enforcement agencies
b. agencies having the authority to supervise financial service providers
c. agencies having the task of auditing state financial management and accountability
d. financial intelligence units of other countries
e. other agencies related to the prevention of money laundering and other related criminal acts

- Party to key international conventions, including the Vienna Convention, Palermo Convention, and UNCAC
- Member of the Egmont Group and Asia/Pacific Group on Money Laundering (APG)","- List of Suspected Terrorists and Terrorist Organizatins (DTTOT) and Proliferation Financing List (DPPSPM)
- Immediate freezing of the relevant funds and submission of STR upon match with the List

",https://www.bi.go.id/en/tentang-bi/profil/uu-bi/UndangUndang%20BI/Act-Of-The-Republic-Of-Indonesia-Number-3-Of-2011-Concerning-Funds-Transfer.pdf,https://www.bi.go.id/en/tentang-bi/profil/uu-bi/UndangUndang%20BI/Act-Of-The-Republic-Of-Indonesia-Number-3-Of-2011-Concerning-Funds-Transfer.pdf,
Indonesia,Bank Indonesia; Otoritas Jasa Keuangan (OJK),"Indonesian Financial Transaction Reports and Analysis Centre or INTRAC (Indonesian: Pusat Pelaporan dan Analisis Transaksi Keuangan, PPATK)",Law No. 9/2013 regarding Prevention and Eradication of Terrorist Financing Crime,2013.0,"- Banks
- Financing companies
- Insurance companies and insurance broker companies
- Financial agency pension funds
- Securities companies
- Investment managers
- Custodians
- Parties who represent the interest of Bond Holder
- Postal company as provider of giro services
- Foreign exchange traders
- Providers of card-based payment instruments
- Providers of e-money and/or e-wallet
- Cooperatives engaging in savings and loan activities
- Pawn shops
- Company engaging in the field of commodity futures trading
- Providers of remittance services
- Real estate/property companies or agents
- Motor vehicle traders
- Diamond and jewelry/gold traders
- Art and antique goods traders
- Auction houses","Risk-based approach: simplified CDD where AML/CFT risk is low and enhanced CDD where AML/CFT risk is high

To be undertaken when:
- engaging in a business relationship with customers
- the value of transactions equal or exceed IDR 100 million or equivalent
- suspicious transactions are suspected
- there is doubt on the correctness of information reported by customers","- For individuals: full name (including aliases), identity document number (inc. ID card), address, place and date of birth, nationality, employment details, telephone number, gender, signature or biometric information
- For corporates: company name, form of legal/business entity, business license number (inc. business license issued by relevant authority), domicile address, place and date of incorporation (inc. Deed of Establishment and/or Articles of Association and corporate bylaws), type of business activities (inc. taxpayer ID card), telephone number, names directors and shareholders, information and data of authorized representatives (inc. identification documents)
- For legal arrangements: name, licence number of authorized institution (if applicable), domicile address, form of legal arrangement, information and data of authorized representatives, including supporting documentation
- For beneficial owner (except for government institutions, state-owned enterprises and publicly listed companies): legal relationship between the service user and the beneficial owner, written statement regarding authenticity of the beneficial owner's identity and source of funds
- Check names against the List of Suspected Terrorists and Terrorist Organizations (DTTOT) and/or the List of Funding for the Proliferation of Weapons of Mass Destruction (DPPSPM)","Enhanced due diligence requirements apply to Politically Exposed Persons (PEPs), their family members and close associates.
- senior management approval of business relationships with PEPs
- additional measures including determining the source of funds and wealth and strengthening monitoring of transactions
- establish written policies and procedures regarding CDD for PEPs","- Obtain information about counterparties and assess impact of relationships on the service provider's ML/TF risk profile before establishing relationship
- Prohibition against cooperating with shell banks
- Ensure counterparties do not allow their accounts to be used by shell banks","- Report reliance on third-party CDD to BI
- Document third party relationship in a written agreement
- Ensure the third party implements AML/CFT measures equivalent to those required under the regulations
- Obtain identification documents promptly
- Maintain a register of third parties
- Ensure the home country of the third party is not considered a high risk country
- Ultimate responsibility remains with service provider","- Conduct ongoing monitoring of business relationships and transactions to ensure that activities are consistent with profile
- Update customer and beneficial owner information when there are changes in data, changes in transaction patterns, significant increases in risk, or suspicions of money laundering, terrorism financing, or proliferation financing
- Investigate and clarify any resemblance or similarity between the names and identities of service users and those names and identities listed on the DTTOT, DPPSPM, PEP data, suspects or defendants published in the mass media or by authorized parties, and other independent and trusted databases","- Customer identification and transaction records must be retained for at least five years from the end of the business relationship 
- Retention period may be extended if required for certain investigatons or upon request from competent authorities","- STRs to PPATK within 3 working days of suspicion
- prohibition against tipping off","- Report to PPATK cash financial transactions amounting to at least 500 million Rupiah or foreign currency equivalent, conducted either in one or several transactions in one workday, within 14 working days from transaction date
- Transactions exempted from reporting:
1. transactions conducted by financial service providers with the government and the central bank
2. transactions for the payment of salaries or pensions
3. other transactions stipulated by the Head of PPATK or upon the request of financial service providers approved by PPATK

- report on international fund transfer transactions within 14 working days from transaction date","The originating provider must transmit accurate information to the intermediary provider or final receiving provider including at least:
- originator identity
- originator account number or unique transaction reference number
- beneficiary identity
- beneficiary account number or unique transaction reference number

For cross-border transfers below IDR 10 million or equivalent, originator information may be limited to the originator's name and beneficiary name.

Intermediary Providers must ensure completeness of originator information, identify cross-border transfers lacking required information, determine whether to proceed, delay, or reject transactions, maintain procedures for handling incomplete information, and retain all relevant data.

The final receiving Provider must verify the completeness of originator information, implement procedures for handling incomplete information, and verify the identity of the beneficiary where verification has not already been completed.","- written policies and procedures: customer due diligence, reporting, and risk management
- human resource management: employee screening, trainin and ongoing capacity building programs related to AML/CFT/CPF
- internal control systems: segregation of duties, independent audit functions, compliance monitoring
","- Assess risks of money laundering, terrorism financing, and proliferation financing before introducing new products, services, distribution channels, or technologies
- Risk assessment must consider customer risk, geographic risk, product/service risk, and delivery channel risk
- Implement appropriate risk mitigation controls","- international cooperation conducted by PPATK may be set out in a formal agreement or based on mutual legal assistance or the reciprocity principle with the following parties:
a. law enforcement agencies
b. agencies having the authority to supervise financial service providers
c. agencies having the task of auditing state financial management and accountability
d. financial intelligence units of other countries
e. other agencies related to the prevention of money laundering and other related criminal acts

- Party to key international conventions, including the Vienna Convention, Palermo Convention, and UNCAC
- Member of the Egmont Group and Asia/Pacific Group on Money Laundering (APG)","- List of Suspected Terrorists and Terrorist Organizatins (DTTOT) and Proliferation Financing List (DPPSPM)
- Immediate freezing of the relevant funds and submission of STR upon match with the List

",https://www.ppatk.go.id//backend/assets/images/publikasi/1674614804_.pdf,https://www.ppatk.go.id//backend/assets/images/publikasi/1674614804_.pdf,
Indonesia,Bank Indonesia; Otoritas Jasa Keuangan (OJK),"Indonesian Financial Transaction Reports and Analysis Centre or INTRAC (Indonesian: Pusat Pelaporan dan Analisis Transaksi Keuangan, PPATK)",Bank Indonesia Regulation (PBI) No. 14/27/PBI/2012,2012.0,"- Banks
- Financing companies
- Insurance companies and insurance broker companies
- Financial agency pension funds
- Securities companies
- Investment managers
- Custodians
- Parties who represent the interest of Bond Holder
- Postal company as provider of giro services
- Foreign exchange traders
- Providers of card-based payment instruments
- Providers of e-money and/or e-wallet
- Cooperatives engaging in savings and loan activities
- Pawn shops
- Company engaging in the field of commodity futures trading
- Providers of remittance services
- Real estate/property companies or agents
- Motor vehicle traders
- Diamond and jewelry/gold traders
- Art and antique goods traders
- Auction houses","Risk-based approach: simplified CDD where AML/CFT risk is low and enhanced CDD where AML/CFT risk is high

To be undertaken when:
- engaging in a business relationship with customers
- the value of transactions equal or exceed IDR 100 million or equivalent
- suspicious transactions are suspected
- there is doubt on the correctness of information reported by customers","- For individuals: full name (including aliases), identity document number (inc. ID card), address, place and date of birth, nationality, employment details, telephone number, gender, signature or biometric information
- For corporates: company name, form of legal/business entity, business license number (inc. business license issued by relevant authority), domicile address, place and date of incorporation (inc. Deed of Establishment and/or Articles of Association and corporate bylaws), type of business activities (inc. taxpayer ID card), telephone number, names directors and shareholders, information and data of authorized representatives (inc. identification documents)
- For legal arrangements: name, licence number of authorized institution (if applicable), domicile address, form of legal arrangement, information and data of authorized representatives, including supporting documentation
- For beneficial owner (except for government institutions, state-owned enterprises and publicly listed companies): legal relationship between the service user and the beneficial owner, written statement regarding authenticity of the beneficial owner's identity and source of funds
- Check names against the List of Suspected Terrorists and Terrorist Organizations (DTTOT) and/or the List of Funding for the Proliferation of Weapons of Mass Destruction (DPPSPM)","Enhanced due diligence requirements apply to Politically Exposed Persons (PEPs), their family members and close associates.
- senior management approval of business relationships with PEPs
- additional measures including determining the source of funds and wealth and strengthening monitoring of transactions
- establish written policies and procedures regarding CDD for PEPs","- Obtain information about counterparties and assess impact of relationships on the service provider's ML/TF risk profile before establishing relationship
- Prohibition against cooperating with shell banks
- Ensure counterparties do not allow their accounts to be used by shell banks","- Report reliance on third-party CDD to BI
- Document third party relationship in a written agreement
- Ensure the third party implements AML/CFT measures equivalent to those required under the regulations
- Obtain identification documents promptly
- Maintain a register of third parties
- Ensure the home country of the third party is not considered a high risk country
- Ultimate responsibility remains with service provider","- Conduct ongoing monitoring of business relationships and transactions to ensure that activities are consistent with profile
- Update customer and beneficial owner information when there are changes in data, changes in transaction patterns, significant increases in risk, or suspicions of money laundering, terrorism financing, or proliferation financing
- Investigate and clarify any resemblance or similarity between the names and identities of service users and those names and identities listed on the DTTOT, DPPSPM, PEP data, suspects or defendants published in the mass media or by authorized parties, and other independent and trusted databases","- Customer identification and transaction records must be retained for at least five years from the end of the business relationship 
- Retention period may be extended if required for certain investigatons or upon request from competent authorities","- STRs to PPATK within 3 working days of suspicion
- prohibition against tipping off","- Report to PPATK cash financial transactions amounting to at least 500 million Rupiah or foreign currency equivalent, conducted either in one or several transactions in one workday, within 14 working days from transaction date
- Transactions exempted from reporting:
1. transactions conducted by financial service providers with the government and the central bank
2. transactions for the payment of salaries or pensions
3. other transactions stipulated by the Head of PPATK or upon the request of financial service providers approved by PPATK

- report on international fund transfer transactions within 14 working days from transaction date","The originating provider must transmit accurate information to the intermediary provider or final receiving provider including at least:
- originator identity
- originator account number or unique transaction reference number
- beneficiary identity
- beneficiary account number or unique transaction reference number

For cross-border transfers below IDR 10 million or equivalent, originator information may be limited to the originator's name and beneficiary name.

Intermediary Providers must ensure completeness of originator information, identify cross-border transfers lacking required information, determine whether to proceed, delay, or reject transactions, maintain procedures for handling incomplete information, and retain all relevant data.

The final receiving Provider must verify the completeness of originator information, implement procedures for handling incomplete information, and verify the identity of the beneficiary where verification has not already been completed.","- written policies and procedures: customer due diligence, reporting, and risk management
- human resource management: employee screening, trainin and ongoing capacity building programs related to AML/CFT/CPF
- internal control systems: segregation of duties, independent audit functions, compliance monitoring
","- Assess risks of money laundering, terrorism financing, and proliferation financing before introducing new products, services, distribution channels, or technologies
- Risk assessment must consider customer risk, geographic risk, product/service risk, and delivery channel risk
- Implement appropriate risk mitigation controls","- international cooperation conducted by PPATK may be set out in a formal agreement or based on mutual legal assistance or the reciprocity principle with the following parties:
a. law enforcement agencies
b. agencies having the authority to supervise financial service providers
c. agencies having the task of auditing state financial management and accountability
d. financial intelligence units of other countries
e. other agencies related to the prevention of money laundering and other related criminal acts

- Party to key international conventions, including the Vienna Convention, Palermo Convention, and UNCAC
- Member of the Egmont Group and Asia/Pacific Group on Money Laundering (APG)","- List of Suspected Terrorists and Terrorist Organizatins (DTTOT) and Proliferation Financing List (DPPSPM)
- Immediate freezing of the relevant funds and submission of STR upon match with the List

",https://www.bi.go.id/id/publikasi/peraturan/Documents/b121f6a1a7eb4604a55c3ebfa9bf9965pbi_142313.pdf,https://www.bi.go.id/id/publikasi/peraturan/Documents/b121f6a1a7eb4604a55c3ebfa9bf9965pbi_142313.pdf,
Indonesia,Bank Indonesia; Otoritas Jasa Keuangan (OJK),"Indonesian Financial Transaction Reports and Analysis Centre or INTRAC (Indonesian: Pusat Pelaporan dan Analisis Transaksi Keuangan, PPATK)",Bank Indonesia Regulation (PBI) No. 19/10/PBI/2017,2017.0,"- Banks
- Financing companies
- Insurance companies and insurance broker companies
- Financial agency pension funds
- Securities companies
- Investment managers
- Custodians
- Parties who represent the interest of Bond Holder
- Postal company as provider of giro services
- Foreign exchange traders
- Providers of card-based payment instruments
- Providers of e-money and/or e-wallet
- Cooperatives engaging in savings and loan activities
- Pawn shops
- Company engaging in the field of commodity futures trading
- Providers of remittance services
- Real estate/property companies or agents
- Motor vehicle traders
- Diamond and jewelry/gold traders
- Art and antique goods traders
- Auction houses","Risk-based approach: simplified CDD where AML/CFT risk is low and enhanced CDD where AML/CFT risk is high

To be undertaken when:
- engaging in a business relationship with customers
- the value of transactions equal or exceed IDR 100 million or equivalent
- suspicious transactions are suspected
- there is doubt on the correctness of information reported by customers","- For individuals: full name (including aliases), identity document number (inc. ID card), address, place and date of birth, nationality, employment details, telephone number, gender, signature or biometric information
- For corporates: company name, form of legal/business entity, business license number (inc. business license issued by relevant authority), domicile address, place and date of incorporation (inc. Deed of Establishment and/or Articles of Association and corporate bylaws), type of business activities (inc. taxpayer ID card), telephone number, names directors and shareholders, information and data of authorized representatives (inc. identification documents)
- For legal arrangements: name, licence number of authorized institution (if applicable), domicile address, form of legal arrangement, information and data of authorized representatives, including supporting documentation
- For beneficial owner (except for government institutions, state-owned enterprises and publicly listed companies): legal relationship between the service user and the beneficial owner, written statement regarding authenticity of the beneficial owner's identity and source of funds
- Check names against the List of Suspected Terrorists and Terrorist Organizations (DTTOT) and/or the List of Funding for the Proliferation of Weapons of Mass Destruction (DPPSPM)","Enhanced due diligence requirements apply to Politically Exposed Persons (PEPs), their family members and close associates.
- senior management approval of business relationships with PEPs
- additional measures including determining the source of funds and wealth and strengthening monitoring of transactions
- establish written policies and procedures regarding CDD for PEPs","- Obtain information about counterparties and assess impact of relationships on the service provider's ML/TF risk profile before establishing relationship
- Prohibition against cooperating with shell banks
- Ensure counterparties do not allow their accounts to be used by shell banks","- Report reliance on third-party CDD to BI
- Document third party relationship in a written agreement
- Ensure the third party implements AML/CFT measures equivalent to those required under the regulations
- Obtain identification documents promptly
- Maintain a register of third parties
- Ensure the home country of the third party is not considered a high risk country
- Ultimate responsibility remains with service provider","- Conduct ongoing monitoring of business relationships and transactions to ensure that activities are consistent with profile
- Update customer and beneficial owner information when there are changes in data, changes in transaction patterns, significant increases in risk, or suspicions of money laundering, terrorism financing, or proliferation financing
- Investigate and clarify any resemblance or similarity between the names and identities of service users and those names and identities listed on the DTTOT, DPPSPM, PEP data, suspects or defendants published in the mass media or by authorized parties, and other independent and trusted databases","- Customer identification and transaction records must be retained for at least five years from the end of the business relationship 
- Retention period may be extended if required for certain investigatons or upon request from competent authorities","- STRs to PPATK within 3 working days of suspicion
- prohibition against tipping off","- Report to PPATK cash financial transactions amounting to at least 500 million Rupiah or foreign currency equivalent, conducted either in one or several transactions in one workday, within 14 working days from transaction date
- Transactions exempted from reporting:
1. transactions conducted by financial service providers with the government and the central bank
2. transactions for the payment of salaries or pensions
3. other transactions stipulated by the Head of PPATK or upon the request of financial service providers approved by PPATK

- report on international fund transfer transactions within 14 working days from transaction date","The originating provider must transmit accurate information to the intermediary provider or final receiving provider including at least:
- originator identity
- originator account number or unique transaction reference number
- beneficiary identity
- beneficiary account number or unique transaction reference number

For cross-border transfers below IDR 10 million or equivalent, originator information may be limited to the originator's name and beneficiary name.

Intermediary Providers must ensure completeness of originator information, identify cross-border transfers lacking required information, determine whether to proceed, delay, or reject transactions, maintain procedures for handling incomplete information, and retain all relevant data.

The final receiving Provider must verify the completeness of originator information, implement procedures for handling incomplete information, and verify the identity of the beneficiary where verification has not already been completed.","- written policies and procedures: customer due diligence, reporting, and risk management
- human resource management: employee screening, trainin and ongoing capacity building programs related to AML/CFT/CPF
- internal control systems: segregation of duties, independent audit functions, compliance monitoring
","- Assess risks of money laundering, terrorism financing, and proliferation financing before introducing new products, services, distribution channels, or technologies
- Risk assessment must consider customer risk, geographic risk, product/service risk, and delivery channel risk
- Implement appropriate risk mitigation controls","- international cooperation conducted by PPATK may be set out in a formal agreement or based on mutual legal assistance or the reciprocity principle with the following parties:
a. law enforcement agencies
b. agencies having the authority to supervise financial service providers
c. agencies having the task of auditing state financial management and accountability
d. financial intelligence units of other countries
e. other agencies related to the prevention of money laundering and other related criminal acts

- Party to key international conventions, including the Vienna Convention, Palermo Convention, and UNCAC
- Member of the Egmont Group and Asia/Pacific Group on Money Laundering (APG)","- List of Suspected Terrorists and Terrorist Organizatins (DTTOT) and Proliferation Financing List (DPPSPM)
- Immediate freezing of the relevant funds and submission of STR upon match with the List

",https://www.bi.go.id/en/publikasi/peraturan/Documents/pbi_191017.pdf,https://www.bi.go.id/en/publikasi/peraturan/Documents/pbi_191017.pdf,
Indonesia,Bank Indonesia; Otoritas Jasa Keuangan (OJK),"Indonesian Financial Transaction Reports and Analysis Centre or INTRAC (Indonesian: Pusat Pelaporan dan Analisis Transaksi Keuangan, PPATK)",Bank Indonesia Guidance of Customer Due Diligence Principle for Non-Bank Payment System Service Provider and Non-Bank Money Changing Service Providers,2020.0,"- Banks
- Financing companies
- Insurance companies and insurance broker companies
- Financial agency pension funds
- Securities companies
- Investment managers
- Custodians
- Parties who represent the interest of Bond Holder
- Postal company as provider of giro services
- Foreign exchange traders
- Providers of card-based payment instruments
- Providers of e-money and/or e-wallet
- Cooperatives engaging in savings and loan activities
- Pawn shops
- Company engaging in the field of commodity futures trading
- Providers of remittance services
- Real estate/property companies or agents
- Motor vehicle traders
- Diamond and jewelry/gold traders
- Art and antique goods traders
- Auction houses","Risk-based approach: simplified CDD where AML/CFT risk is low and enhanced CDD where AML/CFT risk is high

To be undertaken when:
- engaging in a business relationship with customers
- the value of transactions equal or exceed IDR 100 million or equivalent
- suspicious transactions are suspected
- there is doubt on the correctness of information reported by customers","- For individuals: full name (including aliases), identity document number (inc. ID card), address, place and date of birth, nationality, employment details, telephone number, gender, signature or biometric information
- For corporates: company name, form of legal/business entity, business license number (inc. business license issued by relevant authority), domicile address, place and date of incorporation (inc. Deed of Establishment and/or Articles of Association and corporate bylaws), type of business activities (inc. taxpayer ID card), telephone number, names directors and shareholders, information and data of authorized representatives (inc. identification documents)
- For legal arrangements: name, licence number of authorized institution (if applicable), domicile address, form of legal arrangement, information and data of authorized representatives, including supporting documentation
- For beneficial owner (except for government institutions, state-owned enterprises and publicly listed companies): legal relationship between the service user and the beneficial owner, written statement regarding authenticity of the beneficial owner's identity and source of funds
- Check names against the List of Suspected Terrorists and Terrorist Organizations (DTTOT) and/or the List of Funding for the Proliferation of Weapons of Mass Destruction (DPPSPM)","Enhanced due diligence requirements apply to Politically Exposed Persons (PEPs), their family members and close associates.
- senior management approval of business relationships with PEPs
- additional measures including determining the source of funds and wealth and strengthening monitoring of transactions
- establish written policies and procedures regarding CDD for PEPs","- Obtain information about counterparties and assess impact of relationships on the service provider's ML/TF risk profile before establishing relationship
- Prohibition against cooperating with shell banks
- Ensure counterparties do not allow their accounts to be used by shell banks","- Report reliance on third-party CDD to BI
- Document third party relationship in a written agreement
- Ensure the third party implements AML/CFT measures equivalent to those required under the regulations
- Obtain identification documents promptly
- Maintain a register of third parties
- Ensure the home country of the third party is not considered a high risk country
- Ultimate responsibility remains with service provider","- Conduct ongoing monitoring of business relationships and transactions to ensure that activities are consistent with profile
- Update customer and beneficial owner information when there are changes in data, changes in transaction patterns, significant increases in risk, or suspicions of money laundering, terrorism financing, or proliferation financing
- Investigate and clarify any resemblance or similarity between the names and identities of service users and those names and identities listed on the DTTOT, DPPSPM, PEP data, suspects or defendants published in the mass media or by authorized parties, and other independent and trusted databases","- Customer identification and transaction records must be retained for at least five years from the end of the business relationship 
- Retention period may be extended if required for certain investigatons or upon request from competent authorities","- STRs to PPATK within 3 working days of suspicion
- prohibition against tipping off","- Report to PPATK cash financial transactions amounting to at least 500 million Rupiah or foreign currency equivalent, conducted either in one or several transactions in one workday, within 14 working days from transaction date
- Transactions exempted from reporting:
1. transactions conducted by financial service providers with the government and the central bank
2. transactions for the payment of salaries or pensions
3. other transactions stipulated by the Head of PPATK or upon the request of financial service providers approved by PPATK

- report on international fund transfer transactions within 14 working days from transaction date","The originating provider must transmit accurate information to the intermediary provider or final receiving provider including at least:
- originator identity
- originator account number or unique transaction reference number
- beneficiary identity
- beneficiary account number or unique transaction reference number

For cross-border transfers below IDR 10 million or equivalent, originator information may be limited to the originator's name and beneficiary name.

Intermediary Providers must ensure completeness of originator information, identify cross-border transfers lacking required information, determine whether to proceed, delay, or reject transactions, maintain procedures for handling incomplete information, and retain all relevant data.

The final receiving Provider must verify the completeness of originator information, implement procedures for handling incomplete information, and verify the identity of the beneficiary where verification has not already been completed.","- written policies and procedures: customer due diligence, reporting, and risk management
- human resource management: employee screening, trainin and ongoing capacity building programs related to AML/CFT/CPF
- internal control systems: segregation of duties, independent audit functions, compliance monitoring
","- Assess risks of money laundering, terrorism financing, and proliferation financing before introducing new products, services, distribution channels, or technologies
- Risk assessment must consider customer risk, geographic risk, product/service risk, and delivery channel risk
- Implement appropriate risk mitigation controls","- international cooperation conducted by PPATK may be set out in a formal agreement or based on mutual legal assistance or the reciprocity principle with the following parties:
a. law enforcement agencies
b. agencies having the authority to supervise financial service providers
c. agencies having the task of auditing state financial management and accountability
d. financial intelligence units of other countries
e. other agencies related to the prevention of money laundering and other related criminal acts

- Party to key international conventions, including the Vienna Convention, Palermo Convention, and UNCAC
- Member of the Egmont Group and Asia/Pacific Group on Money Laundering (APG)","- List of Suspected Terrorists and Terrorist Organizatins (DTTOT) and Proliferation Financing List (DPPSPM)
- Immediate freezing of the relevant funds and submission of STR upon match with the List

",https://www.bi.go.id/en/fungsi-utama/sistem-pembayaran/anti-pencucian-uang-dan-pencegahan-pendanaan-terrorisme/Documents/9.%20Guidance%20of%20Customer%20Due%20Diligence%20(CDD)%20Principle%20for%20Non-Bank%20Payment%20System%20Service%20Provider%20%26%20Non-Bank%20Money%20Changer.pdf?csf=1&e=vggQhJ,https://www.bi.go.id/en/fungsi-utama/sistem-pembayaran/anti-pencucian-uang-dan-pencegahan-pendanaan-terrorisme/Documents/9.%20Guidance%20of%20Customer%20Due%20Diligence%20(CDD)%20Principle%20for%20Non-Bank%20Payment%20System%20Service%20Provider%20%26%20Non-Bank%20Money%20Changer.pdf?csf=1&e=vggQhJ,
Indonesia,Bank Indonesia; Otoritas Jasa Keuangan (OJK),"Indonesian Financial Transaction Reports and Analysis Centre or INTRAC (Indonesian: Pusat Pelaporan dan Analisis Transaksi Keuangan, PPATK)",Bank Indonesia Regulation (PBI) No. 10/2024,2024.0,"- Banks
- Financing companies
- Insurance companies and insurance broker companies
- Financial agency pension funds
- Securities companies
- Investment managers
- Custodians
- Parties who represent the interest of Bond Holder
- Postal company as provider of giro services
- Foreign exchange traders
- Providers of card-based payment instruments
- Providers of e-money and/or e-wallet
- Cooperatives engaging in savings and loan activities
- Pawn shops
- Company engaging in the field of commodity futures trading
- Providers of remittance services
- Real estate/property companies or agents
- Motor vehicle traders
- Diamond and jewelry/gold traders
- Art and antique goods traders
- Auction houses","Risk-based approach: simplified CDD where AML/CFT risk is low and enhanced CDD where AML/CFT risk is high

To be undertaken when:
- engaging in a business relationship with customers
- the value of transactions equal or exceed IDR 100 million or equivalent
- suspicious transactions are suspected
- there is doubt on the correctness of information reported by customers","- For individuals: full name (including aliases), identity document number (inc. ID card), address, place and date of birth, nationality, employment details, telephone number, gender, signature or biometric information
- For corporates: company name, form of legal/business entity, business license number (inc. business license issued by relevant authority), domicile address, place and date of incorporation (inc. Deed of Establishment and/or Articles of Association and corporate bylaws), type of business activities (inc. taxpayer ID card), telephone number, names directors and shareholders, information and data of authorized representatives (inc. identification documents)
- For legal arrangements: name, licence number of authorized institution (if applicable), domicile address, form of legal arrangement, information and data of authorized representatives, including supporting documentation
- For beneficial owner (except for government institutions, state-owned enterprises and publicly listed companies): legal relationship between the service user and the beneficial owner, written statement regarding authenticity of the beneficial owner's identity and source of funds
- Check names against the List of Suspected Terrorists and Terrorist Organizations (DTTOT) and/or the List of Funding for the Proliferation of Weapons of Mass Destruction (DPPSPM)","Enhanced due diligence requirements apply to Politically Exposed Persons (PEPs), their family members and close associates.
- senior management approval of business relationships with PEPs
- additional measures including determining the source of funds and wealth and strengthening monitoring of transactions
- establish written policies and procedures regarding CDD for PEPs","- Obtain information about counterparties and assess impact of relationships on the service provider's ML/TF risk profile before establishing relationship
- Prohibition against cooperating with shell banks
- Ensure counterparties do not allow their accounts to be used by shell banks","- Report reliance on third-party CDD to BI
- Document third party relationship in a written agreement
- Ensure the third party implements AML/CFT measures equivalent to those required under the regulations
- Obtain identification documents promptly
- Maintain a register of third parties
- Ensure the home country of the third party is not considered a high risk country
- Ultimate responsibility remains with service provider","- Conduct ongoing monitoring of business relationships and transactions to ensure that activities are consistent with profile
- Update customer and beneficial owner information when there are changes in data, changes in transaction patterns, significant increases in risk, or suspicions of money laundering, terrorism financing, or proliferation financing
- Investigate and clarify any resemblance or similarity between the names and identities of service users and those names and identities listed on the DTTOT, DPPSPM, PEP data, suspects or defendants published in the mass media or by authorized parties, and other independent and trusted databases","- Customer identification and transaction records must be retained for at least five years from the end of the business relationship 
- Retention period may be extended if required for certain investigatons or upon request from competent authorities","- STRs to PPATK within 3 working days of suspicion
- prohibition against tipping off","- Report to PPATK cash financial transactions amounting to at least 500 million Rupiah or foreign currency equivalent, conducted either in one or several transactions in one workday, within 14 working days from transaction date
- Transactions exempted from reporting:
1. transactions conducted by financial service providers with the government and the central bank
2. transactions for the payment of salaries or pensions
3. other transactions stipulated by the Head of PPATK or upon the request of financial service providers approved by PPATK

- report on international fund transfer transactions within 14 working days from transaction date","The originating provider must transmit accurate information to the intermediary provider or final receiving provider including at least:
- originator identity
- originator account number or unique transaction reference number
- beneficiary identity
- beneficiary account number or unique transaction reference number

For cross-border transfers below IDR 10 million or equivalent, originator information may be limited to the originator's name and beneficiary name.

Intermediary Providers must ensure completeness of originator information, identify cross-border transfers lacking required information, determine whether to proceed, delay, or reject transactions, maintain procedures for handling incomplete information, and retain all relevant data.

The final receiving Provider must verify the completeness of originator information, implement procedures for handling incomplete information, and verify the identity of the beneficiary where verification has not already been completed.","- written policies and procedures: customer due diligence, reporting, and risk management
- human resource management: employee screening, trainin and ongoing capacity building programs related to AML/CFT/CPF
- internal control systems: segregation of duties, independent audit functions, compliance monitoring
","- Assess risks of money laundering, terrorism financing, and proliferation financing before introducing new products, services, distribution channels, or technologies
- Risk assessment must consider customer risk, geographic risk, product/service risk, and delivery channel risk
- Implement appropriate risk mitigation controls","- international cooperation conducted by PPATK may be set out in a formal agreement or based on mutual legal assistance or the reciprocity principle with the following parties:
a. law enforcement agencies
b. agencies having the authority to supervise financial service providers
c. agencies having the task of auditing state financial management and accountability
d. financial intelligence units of other countries
e. other agencies related to the prevention of money laundering and other related criminal acts

- Party to key international conventions, including the Vienna Convention, Palermo Convention, and UNCAC
- Member of the Egmont Group and Asia/Pacific Group on Money Laundering (APG)","- List of Suspected Terrorists and Terrorist Organizatins (DTTOT) and Proliferation Financing List (DPPSPM)
- Immediate freezing of the relevant funds and submission of STR upon match with the List

",https://www.bi.go.id/id/publikasi/peraturan/Documents/PBI_102024.pdf,https://www.bi.go.id/id/publikasi/peraturan/Documents/PBI_102024.pdf,
Indonesia,Bank Indonesia; Otoritas Jasa Keuangan (OJK),"Indonesian Financial Transaction Reports and Analysis Centre or INTRAC (Indonesian: Pusat Pelaporan dan Analisis Transaksi Keuangan, PPATK)",POJK No. 8/POJK.01/2023,2023.0,"- Banks
- Financing companies
- Insurance companies and insurance broker companies
- Financial agency pension funds
- Securities companies
- Investment managers
- Custodians
- Parties who represent the interest of Bond Holder
- Postal company as provider of giro services
- Foreign exchange traders
- Providers of card-based payment instruments
- Providers of e-money and/or e-wallet
- Cooperatives engaging in savings and loan activities
- Pawn shops
- Company engaging in the field of commodity futures trading
- Providers of remittance services
- Real estate/property companies or agents
- Motor vehicle traders
- Diamond and jewelry/gold traders
- Art and antique goods traders
- Auction houses","Risk-based approach: simplified CDD where AML/CFT risk is low and enhanced CDD where AML/CFT risk is high

To be undertaken when:
- engaging in a business relationship with customers
- the value of transactions equal or exceed IDR 100 million or equivalent
- suspicious transactions are suspected
- there is doubt on the correctness of information reported by customers","- For individuals: full name (including aliases), identity document number (inc. ID card), address, place and date of birth, nationality, employment details, telephone number, gender, signature or biometric information
- For corporates: company name, form of legal/business entity, business license number (inc. business license issued by relevant authority), domicile address, place and date of incorporation (inc. Deed of Establishment and/or Articles of Association and corporate bylaws), type of business activities (inc. taxpayer ID card), telephone number, names directors and shareholders, information and data of authorized representatives (inc. identification documents)
- For legal arrangements: name, licence number of authorized institution (if applicable), domicile address, form of legal arrangement, information and data of authorized representatives, including supporting documentation
- For beneficial owner (except for government institutions, state-owned enterprises and publicly listed companies): legal relationship between the service user and the beneficial owner, written statement regarding authenticity of the beneficial owner's identity and source of funds
- Check names against the List of Suspected Terrorists and Terrorist Organizations (DTTOT) and/or the List of Funding for the Proliferation of Weapons of Mass Destruction (DPPSPM)","Enhanced due diligence requirements apply to Politically Exposed Persons (PEPs), their family members and close associates.
- senior management approval of business relationships with PEPs
- additional measures including determining the source of funds and wealth and strengthening monitoring of transactions
- establish written policies and procedures regarding CDD for PEPs","- Obtain information about counterparties and assess impact of relationships on the service provider's ML/TF risk profile before establishing relationship
- Prohibition against cooperating with shell banks
- Ensure counterparties do not allow their accounts to be used by shell banks","- Report reliance on third-party CDD to BI
- Document third party relationship in a written agreement
- Ensure the third party implements AML/CFT measures equivalent to those required under the regulations
- Obtain identification documents promptly
- Maintain a register of third parties
- Ensure the home country of the third party is not considered a high risk country
- Ultimate responsibility remains with service provider","- Conduct ongoing monitoring of business relationships and transactions to ensure that activities are consistent with profile
- Update customer and beneficial owner information when there are changes in data, changes in transaction patterns, significant increases in risk, or suspicions of money laundering, terrorism financing, or proliferation financing
- Investigate and clarify any resemblance or similarity between the names and identities of service users and those names and identities listed on the DTTOT, DPPSPM, PEP data, suspects or defendants published in the mass media or by authorized parties, and other independent and trusted databases","- Customer identification and transaction records must be retained for at least five years from the end of the business relationship 
- Retention period may be extended if required for certain investigatons or upon request from competent authorities","- STRs to PPATK within 3 working days of suspicion
- prohibition against tipping off","- Report to PPATK cash financial transactions amounting to at least 500 million Rupiah or foreign currency equivalent, conducted either in one or several transactions in one workday, within 14 working days from transaction date
- Transactions exempted from reporting:
1. transactions conducted by financial service providers with the government and the central bank
2. transactions for the payment of salaries or pensions
3. other transactions stipulated by the Head of PPATK or upon the request of financial service providers approved by PPATK

- report on international fund transfer transactions within 14 working days from transaction date","The originating provider must transmit accurate information to the intermediary provider or final receiving provider including at least:
- originator identity
- originator account number or unique transaction reference number
- beneficiary identity
- beneficiary account number or unique transaction reference number

For cross-border transfers below IDR 10 million or equivalent, originator information may be limited to the originator's name and beneficiary name.

Intermediary Providers must ensure completeness of originator information, identify cross-border transfers lacking required information, determine whether to proceed, delay, or reject transactions, maintain procedures for handling incomplete information, and retain all relevant data.

The final receiving Provider must verify the completeness of originator information, implement procedures for handling incomplete information, and verify the identity of the beneficiary where verification has not already been completed.","- written policies and procedures: customer due diligence, reporting, and risk management
- human resource management: employee screening, trainin and ongoing capacity building programs related to AML/CFT/CPF
- internal control systems: segregation of duties, independent audit functions, compliance monitoring
","- Assess risks of money laundering, terrorism financing, and proliferation financing before introducing new products, services, distribution channels, or technologies
- Risk assessment must consider customer risk, geographic risk, product/service risk, and delivery channel risk
- Implement appropriate risk mitigation controls","- international cooperation conducted by PPATK may be set out in a formal agreement or based on mutual legal assistance or the reciprocity principle with the following parties:
a. law enforcement agencies
b. agencies having the authority to supervise financial service providers
c. agencies having the task of auditing state financial management and accountability
d. financial intelligence units of other countries
e. other agencies related to the prevention of money laundering and other related criminal acts

- Party to key international conventions, including the Vienna Convention, Palermo Convention, and UNCAC
- Member of the Egmont Group and Asia/Pacific Group on Money Laundering (APG)","- List of Suspected Terrorists and Terrorist Organizatins (DTTOT) and Proliferation Financing List (DPPSPM)
- Immediate freezing of the relevant funds and submission of STR upon match with the List

",https://ojk.go.id/id/regulasi/Documents/Pages/POJK-APU-PPT-dan-PPPSPM-di-SJK/POJK%208%20Tahun%202023%20-%20Penerapan%20Program%20Anti%20Pencucian%20Uang%2C%20Pencegahan%20Pendanaan%20Terorisme%2C%20dan%20Pencegahan%20Pendanaan%20Proliferasi%20Senjata%20Pemusnah%20Massal%20di%20Sektor%20Jasa%20Keuangan.pdf,https://ojk.go.id/id/regulasi/Documents/Pages/POJK-APU-PPT-dan-PPPSPM-di-SJK/POJK%208%20Tahun%202023%20-%20Penerapan%20Program%20Anti%20Pencucian%20Uang%2C%20Pencegahan%20Pendanaan%20Terorisme%2C%20dan%20Pencegahan%20Pendanaan%20Proliferasi%20Senjata%20Pemusnah%20Massal%20di%20Sektor%20Jasa%20Keuangan.pdf,
Lao PDR,Bank of the Lao PDR (BOL),Anti-Money Laundering Intelligence Office (AMLIO),"Law No. 49/NA on Anti-Money Laundering and Counter-Financing of Terrorism (2014), as amended by Law No. 64/NA (2024)",2024.0,"- Commercial banks
- Micro-finance institutions
- Pawnshops
- Leasing companies
- Payment Services Providers (e-money issuance, funds transfer service and agents)
- Insurance companies
- Security companies
- Virtual asset service providers
- Companies or agents selling and managing financial payment instruments
- Real estate agents
- Businesses buying and selling previous metal
- Trust and companies service providers
- Accounting and auditing enterprises
- Casinos
- Legal enterprises
- Lawyers and other reporting entities as designated by the National Coordination Committee on AML/CFT","Risk-based approach: simplified CDD where AML/CFT risk is low and enhanced CDD where AML/CFT risk is high

To be undertaken in the following cases:
- establishing business relationship with new customers
- carrying out occasional, one-off or multiple transactions that are suspicious
- complex, high value and unusual transactions
- conducting transactions on behalf of customer in the name of legal person and legal arrangements
- there is a suspicion of ML/TF, regardless of any exemptions
- there are doubts about the veracity or adequacy of previously obtained customer identification data","- For individuals (lao people): full name, date of birth, ID card and passport, address, age and occupation, name and location of workplace, contact information (telephone or email address), handwriting along with signature, letters or documents along with handwriting or signature by authorized official, resident alien card (for foreigners)
- For individuals (foreign or resident alien): full name; date of birth; Nationality, age and occupation; Passport issued by the government of the country of nationality; Resident alien card (if a resident alien in the Lao PDR); Address as the house registration or census book and current address both in the home country and in the Lao PDR; Name and location of workplace both in the home country and in the Lao PDR; Contact information; Handwriting along with signature; Letters or documents along with handwriting or signature by authorized official or
authorized individual representative for operating business and creating business relationship (if has);
- For legal persons: company name, full name of company's owner, date of birth (for individual enterprise), office address and location of business, contact information (telephone, fax and official email address), enterprise registration number and document, business operation license and number,  letter or documents that regulate and bind the legal person or arrangement, as well as the names of the relevant persons having a senior management position in the legal person or arrangement, tax registration and number, identification documents of directors, details of shareholders, activities and size of the business
- Purpose and objective of customers in using services or establishing business relationships with the institution
- Ultimate beneficiary owner","EDD for Politically Exposed Persons (PEPs), their family members and close associates.
- senior management approval for establishing (or continuing, for existing customers) such business relationships
- reasonable measures to establish the source of wealth and source of funds
- enhanced ongoing monitoring of the business relationship","- Review the status of corresponding banks 
- Gather data on the nature of business operation of a corresponding bank
- Assess the credibility, management and inspection of a corresponding bank based on publicly available information
- Assess the correspondent bank's AML/CFT controls
- Implement relevant laws and regulations relating to a business relation with correspondent banks
- Cease business relations with corresponding banks that have relations or transactions with shell banks or their subsidiary
",No specific provisions allowing reporting entities to rely upon a third party for CDD,"- ongoing monitoring of customers to ensure that previously provided information is accurate, up to date and customers' business operations are correct and consistent with their profiles and their business operations' historical records including knowing the sources of their funds if necessary","At least ten years from the date of completion of the transaction or termination of the business relationship with the customer
-information of customers
- documents related to business correspondence
- copies of all records obtained through the CDD process
- beneficiaries of transactions
- completed transaction records
- account files
- records on results of any analysis undertaken 
- reported transactions of customers","- STRs to be reported by AMLIO within 3 working days
-  prohibition against tipping off","Report to AMLIO cash transactions amounting to at least LAK 100 million every 30 days
","International wire transfers amounting to LAK 25 million or more must include the information below.
'- Individual originators: full name, date of birth, workplace and location, current address, ID card number/passport number/other identification number, bank account number/reference number for fund transfer transaction (for those who don't have bank account), purpose of transfer, amount of transfered money, relationship between payer and receiver
- Legal person as originators: company name, enterprise registration number and date of issuance, business type, telephone number, company address, account number, purpose of transfer
- Beneficiary information: full name/company name, account number

International wire transfers below the specified value must have the names of the originator and beneficiary, and account number or transaction reference number of both parties","- Policies, procedures and internal monitoring
- Procedures for selecting, screening and accepting qualified employees
- Training plan for employees and conduct of ongoing training
- Independent internal audit 
- Evaluation of the implementation of AML/CFT
- Report on the outcomes of the implementation of the AML/CFT program to supervisory agency
- Appointment of compliance officers at the management or senior officer level with appropriate qualifications and experience in AML/CFT
- Information sharing among corporate group, branches and subsidiaries","- Assess risk of money laundering and financing of terrorism based on (1) customers, (2) products and services (existing and new products), (3) delivery channels, including use of new service methods or technology in servicing or conducting business, and (4) geographic areas or countries
- Update risk review and improvement
- Submit documented risk assessment to AMLIO perodically","- International cooperation on anti-money laundering and counter financing of terrorism between the competent authorities of the Lao PDR and foreign competent authorities shall follow the principles of respect for independence, sovereignty and territorial integrity, non-interference in each other’s domestic affairs, mutual benefits, and in conformity with relevant international agreements and treaties which the Lao PDR is a party to

- Party to key international conventions, including the Vienna Convention, Palermo Convention, and UNCAC
- Member of the Egmont Group and Asia/Pacific Group on Money Laundering (APG)",Immediate freezing of funds related to terrorist and terrorist organization per consolidated UNSCR sanction list and Domestic Designation List,http://amlio.gov.la/eng/files/regulation/Law%20on%20AMLCFT%20%28Revised%20version%29%20No%2064NA%20Dated%2001%20July%202024.pdf,https://www.bol.gov.la/en/fileupload/05-01-2026_1767607844.pdf,
Lao PDR,Bank of the Lao PDR (BOL),Anti-Money Laundering Intelligence Office (AMLIO),"Decree on Withholding, Seizing or Freezing Funds related to Terrorists and the Financing of Terrorism No. 553/GOV (2025)",2025.0,,,,,,,,,,,,,,,,https://amlio.gov.la/eng/files/decrees/Decree%20553%20GOV.pdf,https://www.bol.gov.la/en/fileupload/18-12-2025_1766024554.pdf,
Lao PDR,Bank of the Lao PDR (BOL),Anti-Money Laundering Intelligence Office (AMLIO),Decree on Fines and other Measures Against Violation of Laws and Regulations on Anti-Money Laundering and Counter-Financing of Terrorism and Financing of Proliferation of Weapons of Mass Destruction No 555/GOV (2025),2025.0,,-do-,-do-,-do-,-do-,-do-,-do-,-do-,-do-,-do-,-do-,-do-,-do-,-do-,-do-,https://amlio.gov.la/eng/files/decrees/Decree%20555%20GOV.pdf,https://www.bol.gov.la/en/fileupload/18-12-2025_1766025270.pdf,
Lao PDR,Bank of the Lao PDR (BOL),Anti-Money Laundering Intelligence Office (AMLIO),"Decision on Anti-Money Laundering and Counter-Financing of Terrorism Measures for Reporting Entities (Revised) No. 11/NCC, 2025 (replace No.11/NCC, 2021)",2025.0,,-do-,-do-,-do-,-do-,-do-,-do-,-do-,-do-,-do-,-do-,-do-,-do-,-do-,-do-,https://amlio.gov.la/files/regulation/Decision-on-AML-REs-amended-NO%2011NCC%2029-05-2025.pdf,https://amlio.gov.la/files/regulation/Decision-on-AML-REs-amended-NO%2011NCC%2029-05-2025.pdf,
Lao PDR,Bank of the Lao PDR (BOL),Anti-Money Laundering Intelligence Office (AMLIO),"Decision on the Reporting of Wire Transfers in exceeding the specified limit No. 490/Bol, 2025 (replace 963/BOL, 2015)",2025.0,,-do-,-do-,-do-,-do-,-do-,-do-,-do-,-do-,-do-,-do-,-do-,-do-,-do-,-do-,https://www.bol.gov.la/fileupload/17-06-2025_1750156315.pdf,https://www.laoofficialgazette.gov.la/kcfinder/upload/files/%20490.%2016.6.2025.pdf,
Lao PDR,Bank of the Lao PDR (BOL),Anti-Money Laundering Intelligence Office (AMLIO),"Decision on the Reporting of Cash Transactions in exceeding the specified limit  No. 448/BOL, 2025 (replace 417/BOL, 2015)",2025.0,,-do-,-do-,-do-,-do-,-do-,-do-,-do-,-do-,-do-,-do-,-do-,-do-,-do-,-do-,https://www.bol.gov.la/fileupload/17-06-2025_1750156239.pdf,https://www.laoofficialgazette.gov.la/kcfinder/upload/files/%20448.%202.6.2025.pdf,
Malaysia,Bank Negara Malaysia (BNM),Financial Intelligence and Enforcement Department of BNM,"Anti-Money Laundering, Anti-Terrorism Financing, Anti-Restricted Activity Financing and Proceeds of Unlawful Activities Act 2001, as amended",2025.0,"- Banks, including investment banks
- Insurance companies, including insurance brokers
- Securities dealers, dealers in derivatives, fund managers
- Financial advisory business
- Money services business
- Non-bank issuer of designated payment instrument
- Dealers in precious metals or precious stones
- Licensed casinos carrying on gaming business
- Moneylenders
- Pawnbrokers
- Activities relating to building credit business, development inance business, factoring business or leasing business
- Any person/institution carrying out the following activities for its clients:
(i) buying and selling of immovable property
(ii) managing of client's money, securities or other property
(iii) managing or accounts including savings and securities accounts
(iv) organizing of contributions for the creation, operation or management of companies
(v) creating, operating or managing of legal entities or arrangements and buying and selling of business entities
(vi) act as formation agent of legal entities
(vii) act as (or arrange for another person to act as) a director or secretary of a company, a partner of a partnership, or a similar position in relation to other legal entities
(viii) provide a registered office, business address or accommodation, correspondence or administrative address for a company, a partnership, or any other legal entities or arrangement
(ix) act as (or arrange for another person to act as) a trustee of an express trust
(x) act as (or arrange for another person to act as) a nominee shareholder for another person


","Risk-based approach: simplified CDD where AML/CFT risk is low and enhanced CDD where AML/CFT risk is high

To be undertaken when:
- establishing business relations
- providing money-changing and wholesale currency (simplified for transactions amounting to RM3,000 to RM10,000; standard CDD for transactions amounting to RM10,000 and above)
- providing wire transfer services (simplified for transactions below RM3,000; standard CDD for transactions amounting to RM3,000 and above)
- providing e-money 
(i) simplified CDD for account limits below RM3,000 and used for domestic wire transfers
(ii) simplified CDD for account limits between RM3,000 and RM 4,999 when all the following conditions are met: monthly transaction is below RM5,000; annual transaction is below RM60,000; account is used for payments of goods and/or services within Malaysia only; account is used for domestic wire transfers; and cash withdrawal or cross-border wire transfers are not permitted
(iii) standard CDD when any of the following conditions are met: account limit is RM5,000 and above; monthly transaction is equivalent to RM5,000 and above; annual transaction is equivalent to RM60,000 and above; account is for payments of goods and/or services outside Malaysia; account is for cross-border wire transfers; or account is used for cash withdrawal
- carrying out occasional transactions involving an amount equivalent to RM25,000 and above, including in situations where the transaction is carried out in a single transaction or through several transactionsin a day that appear to be linked
- carrying out cash transactions involving an amount equivalent to RM25,000 and above
- there is any suspicion of ML/TF/PF, regardless of amount
- there is reasonable doubt about the veracity or adequacy of previously obtained information


","For individual customer and beneficial owner: full name; National Registration Identity Card (NRIC) number or passport number or reference number of any other official documents of the customer or beneficial owner; residential and mailing address; date of birth; nationality; occupation type; name of employer or nature of self-employment or nature of business;  contact number (home, office or mobile); and purpose of transaction.

For legal persons: name, legal form and proof of existence (e.g. Certificate of Incorporation/Constitution/ Partnership Agreement), unique identifier such as tax identification number or any other reliable references to verify the identity; powers that regulate and bind the customer such as directors' resolution, as well as the names of relevant persons having a Senior Management position; address of the registered office and, if different, a principal place of business; beneficial owners (includes directors/shareholders with equity interest of more than 25% or partners)

For legal arrangements: name, legal form and proof of existence (e.g., trust deed or equivalent document), unique identifier such as tax identification number or or any other reliable references to verify the identity; powers that regulate and bind the customer, as well as the names of relevant persons having a Senior Management position; address of the registered office and, if different, a principal place of business; beneficial owners [e.g., identity of the settlor, the trustee/s, the protector (if any), the beneficiary or class of beneficiaries and objects of a power, and any other natural person exercising ultimate effective control over the legal arrangement (including through the chain of control/ownership);
","- Conduct of enhanced due diligence (EDD) for PEPs, their immediate family members and close associates, including:
(i) source of wealth and source of funds
(ii) additional information on the intended level and nature of the business relationship
(iii) reasons for intended or performed transactions

- Senior management (HO) approvalbefore establishing (or continuinung, for existing customer) business relationship
","- Gather sufficient information about a respondent institution to understand the nature of the respondent's business
- Assess AML/CFT/CPF controls implemented by the respondent institution having regard to AML/CFT/CPF measures of the country of jurisdiction in which the respondent institution operates
- Based on publicly available information, evaluate the reputation of the respondent institution and the quality of supervision to which it is subject, including whether it has been subject to a ML/TF/PF investigation or regulatory action
- Obtain approval from senior management before establishing new correspondent banking relationships
- Clearly understand the respective AML/CFT/CPF responsibilities of each institution
- With respect to ""payable-through accounts"", be satisfied that the respondent banks have performed CDD obligations on customers with direct access to the accounts and that respondents can provide relevant CDD information upon request
- Cease business relations with respondent banks that have relations or transactions with shell banks or allow their accounts to be used by shell banks","- Ultimate responsibility and accountability for CDD measures remains with the reporting institution
- Prohibition from relying on third parties located in higher risk countries 
- Prohibition from relying on third parties to conduct ongoing due diligence 
- Governed by an arrangement that clearly specifies the rights, responsibilities and expectations of all parties
- Attestation from the third party:
(i) has an adequate CDD process
(ii) has measures in place for record keeping requirements
(iii) can provide the CDD information and provide copies of the relevant documentation immediately upon request
(iv) is properly regulated and subjected to AML/CFT/CPF supervision by the relevant supervisory authority","- Scrutinize transactions undertaken throughout the course
of the relationship to ensure that the transactions being
conducted are consistent with the reporting institution’s
knowledge of the customer, their business and risk profile,
including where necessary, the source of funds
- Ensure that documents, data or information collected
under the CDD process is kept up-to-date and relevant, by
undertaking reviews of existing records particularly for
higher risk customers.
- Consider the economic background and purpose of
any transaction or business relationship which:
(a) appears unusual;
(b) is inconsistent with the expected type of activity and
business model when compared to the volume of
transaction;
(c) does not have any apparent economic purpose; or
(d) casts doubt on the legality of such transactions, especially
with regard to complex and large transactions or involving
higher risk customers.","- At least six years following the completion of the transaction, the termination of the business relationship or after the date of the occasional transaction
- Beyond six years in situations where the records are subjected to ongoing investigation or prosecution in court, until such time reporting institutions are informed by the relevant law enforcement agency that the records are no longer required

","- Report to the Financial Intelligence and Enforcement Department of BNM within the next working day from the date the Compliance Officer establishes suspicion 
- Prohibition against tipping off","- Report to the Financial Intelligence and Enforcement Department of BNM within five working days from the date of transaction, single or multiple cash transactions within the same account in a day for the amount equivalent to RM25,000 and above

- No offsetting of cash transactions against one another (e.g., aggregate deposit and withdrawal transactions)","- Ensure that the message or payment instruction for all cross-border wire transfers involving an amount equivalent to RM3,000 and above are accompanied by the following:
(i) name of originator
(ii) originator's account number (or a unique reference number if there is no account number) which permits traceability of the transaction
(iii) address or date and place of birth of the originator
(iv) name of beneficiary
(v) beneficiary's account number (or a unique reference number if there is no account number) which permits traceability of the transaction

- Where several individual cross-border wire transfers from a single originator are bundled in a batch file for transmission to beneficiaries, only the originator's account number or unique transaction reference number of the transaction is necessary, so long as the batch file contains the required originator and full beneficiary information that is fully traceable within the beneficiary country

- Message or payment instruction for all cross-border wire transfers below RM3,000 shall be accompanied by the following information:
(i) name of originator and beneficiary
(ii) account number of the originator and beneficiary (or a unique reference number if there is no account number), which permits traceability of the transaction","- AML/CFT/CPF programme
- Procedures to ensure high standards of integrity of employees and system to evaluate the personal, employment and financial history of employees upon hiring the employee and throughout the course of employment
- Ongoing employee training and awareness programs
- Independent audit function to check compliance 
- Designation of compliance officers at management level to be reported to BNM within ten working working days from appoinment or change in appointment
- Reporting system for the submission of cash threshold and suspiciours transaction reports
- Management information system (manual or electronic) that would enable the detection of irregularities and/or any suspicious activity","- Documented and updated institutional risk assessment to identify, assess and understand ML/TF/PF risks in relation to customers, countries or geographic areas, products, services, transactions or delivery channels, and other relevant risk factors.
- Additional assessment as and when required by BNM
- Enhanced measures to manage and mitigate the identified risks
- Consider the following in conducting risk assessments:
(i) susceptibility to key and emerging crimes as well as higher risk sectors identified in the National Risk Assessment 
(ii) necessity of enhancing AML/CFT Compliane Programme to ensure any areas of higher ML/TF risk are appropriately mitigated

- Customer risk profiling that considers:
(i) customer risk
(ii) country or geographical risk
(iii) products, services, transactions or delivery channels
(iv) any other information suggesting that the customer is of higher risk

- Conduct of risk assessment prior to the launch or use of new products and business practices, include new delivery mechanisms and use of new or developing technologies for both new and pre-existing products","- May enter into an agreement or arrangement, in writing, with the government or corresponding authority of a foreign State regarding the exchange of information that would be relevant to the investigation or the prosecution of a money laundering offense, a terrorism financing offense, a restricted activity financing offense, or an offense that is substantially similar to any of the offenses
- The corresponding foreign authority should give appropriate undertakings for protecting the confidentiality of anything communicated to it, and for controlling the use that will be made of it, including an undertaking that it will not be used as evidence in any other proceedings
- Record in writing the reasons for all decisions to communicate information
- Party to key international conventions, including the Vienna Convention, Palermo Convention, and UNCAC
- Member of the Egmont Group and Asia/Pacific Group on Money Laundering (APG)","- Maintain updated and comprehensive sanctions database, including the UNSCR List and the Domestic List, that is easily accessible by its employees at the head office, branch, subsidiary and where relevant, to the outsourced service providers or agents
- Conduct sanctions screening on existing, potential or new customers against the Domestic List and UNSCR List 
- Immediate freezing of customer's funds and properties, or blocking of transactions (where applicable), upon determination and confirmation of a customer's identity as a specified entity and/or related parties
- Reject a potential customer when there is a positive name match
- Immediately report to the Financial Intelligence and Enforcement Department of BNM and Inspector General of Policy upon determination that they are in possession or in control of funds or properties of any specified entity and/or related party",https://www.bnm.gov.my/documents/20124/820862/act613_amla2001_en.pdf,https://maicsa.org.my/media/10485/technical_announcement_250731_2_1.pdf,
Malaysia,Bank Negara Malaysia (BNM),Financial Intelligence and Enforcement Department of BNM,"Policy Document on Anti-Money Laundering, Countering Financing of Terrorism, Countering Proliferation Financing and Targeted Financial Sanctions for Financial Institutions",2024.0,,-do-,-do-,-do-,-do-,-do-,-do-,-do-,-do-,-do-,-do-,-do-,-do-,-do-,-do-,https://amlcft.bnm.gov.my/documents/6312201/13444269/PD_AMLCFTCPF_TFS_FI_Feb2024_v2.pdf,https://amlcft.bnm.gov.my/documents/6312201/13444269/PD_AMLCFTCPF_TFS_FI_Feb2024_v2.pdf,
Malaysia,Bank Negara Malaysia (BNM),Financial Intelligence and Enforcement Department of BNM,"Policy Document on Anti-Money Laundering, Countering Financing of Terrorism, Countering Proliferation Financing and Targeted Financial Sanctions for Designated Non-Financial Businesses and Professions (DNFBPs) and Non-Bank Financial Institutions (NBFIs)",2024.0,,-do-,-do-,-do-,-do-,-do-,-do-,-do-,-do-,-do-,-do-,-do-,-do-,-do-,-do-,https://amlcft.bnm.gov.my/documents/6312201/13444269/pd-AMLCFTCPF-TFS-DNFBI-NBFI-Feb2024.pdf,https://amlcft.bnm.gov.my/documents/6312201/13444269/pd-AMLCFTCPF-TFS-DNFBI-NBFI-Feb2024.pdf,
Myanmar,Central Bank of Myanmar (CBM),Myanmar Financial Intelligence Unit (MFIU),"The Anti-Money Laundering Law (The Pyidaungsu Hluttaw Law No.11, 2014)",2014.0,"- Banks and financial institutions
- Designated non-financial business and professions: 
   - Casinos
   - Real estate agents
   - Dealers in precious metals and precious stones
   - Lawyers, notaries and accountants or other independent legal professionals who carry out transaction for their client regarding buying and selling immoveable property; managing money, securities or other assets of the client; managing banks, savings or securities accounts; organizing contributions for the establishment, operation or management of companies; establishing, operating and managing legal organizations or arrangements and buying and selling of business entities
    - Trust and company service providers who act as formation agent of legal organizations; act as a director or secretary of a company, a partner of a partnership, or as a person in a similar position in other legal organization or arrangement; provide a registered office or accommodation or business address or correspondence or administrative address for a company, a partnership of any other legal organization or arrangement
     - Those acting as a trustee of an express trust or performing the equivalent function for any form of legal organization or arrangement
    - Those acting as or arranging for another person to act as a nominee shareholder for another person","Risk-based approach: simplified CDD where AML/CFT risk is low and enhanced CDD where AML/CFT risk is high

To be undertaken in the following cases:
- before carrying out a transaction or opening an account for a customer
- before carrying out a transaction for a customer who is not in an estbalished business relationship with the reporting organization, when the transaction involves an amount which equals or exceeds USD 15,000, whether conducted as a single transaction or several transactions that appear to be linked
- before carrying out a domestic or international wire or electronic transaction for a customer
- whenever doubts exist about the veracity or adequacy of previously obtained customer identification data
- whenever there is a suspicion of money laundering and financing of terrorism","- For natural persons: full name (including aliases), national registration card/citizen scrutiny card/passport, permanent and mailing address, date of birth, nationality, occupation, phone number, photo, name and account numbers of two introducers (existing account holders)

- For legal persons and legal arrangements: name of company, address of head office, full address (including phone, fax), certificate of incorporation/memorandum of association/article of association/ partnership agreement/trust deed, name and address of board of directors (including phone number), identification documents of directors/shareholders/partners/settlors/trustees/protection and beneficiaries, board resolution authorizing opening and operation of the account, authorization by board of directors to representatives for conducting financial transactions, identification documents of authorized representations

- For NGO: name of NGO, head office address, certificate of registration, constitution on the NGO, name and address of executive committee, telephone no., name and address of senior management, registered address (if different from principal place of business), executive committee's decision regarding opening of account, identification documents of directors/senior officers of the NGO, authorization for the operation of accounts, identification documents of authorized representatives","EDD for Politically Exposed Persons (PEPs), their family members and close associates.
- senior management approval before establishing or continuing a business relationship
- reasonable measures to identify the source of wealth and source of funds
- enhanced ongoing CDD measures and monitoring of the business relationship","- Gather sufficient information about the respondent bank and understand the nature of the respondent's business
- Evaluate AML/CFT control measures implemented by the respondent bank
- Based on publicly available information, evaluate the reputation of the respondent institution and the quality of supervision to which it is subject, including whether it has been subject to a money laundering or terrorist financing investigation or regulatory action
- Obtain approval from senior management before establishing new correspondent banking relationships
- Clearly understand and document the respective AML/CFT responsibilities of each bank
- With respect to ""payable-through accounts"", be satisfied that the respondent banks have performed CDD obligations on customers with direct access to the accounts and that respondents can provide relevant CDD information upon request
- Cease business relations with respondent banks that have relations or transactions with shell banks or allow their accounts to be used by shell banks","Reporting organizations may rely on a third party which has a capacity to perform the following elements:
- able to obtain all information without delay
- able to make avaiable identification data and other documents relating to CDD measures without delay upon request
- able to comply with AML/CFT requirements

Reporting organizations remain ultimately responsible for the identification and verification of customers.

Before entering into a relationship with a third party, consider the AML/CFT risk associated with the country in which the third party is based. If the third party is identified as high risk, review any customer relationships introduced by the third party and terminate the relationship with the third party intermediary.","- Adopt procedures to monitor on an ongoing basis customer transactions and the relationship with the customer
- Monitoring should include scrutiny of customer transactions to ensure that they are being conducted according to knowledge of the customer, the customer's commercial activities, the customer risk profile and, where necessary, the source of funds and wealth
- Monitoring shall also include predetermined limits on the amount and volume of transactions and type of transactions","- Documentation, records obtained through CDD process and documents obtained from scrutiny including accounts of customer or beneficial owner and business correspondence: at least five years after the business relationship has been terminated or the occasional transaction has been carried out
- Records of both domestic and international transactions, attempted or executed: five years after the transaction has been carried out
- copies of transaction reports and other related documents: at least five years after the report was submitted to the FIU
- risk assessment and other underlying information: more than five years","- Report to MFIU within 24 hours if the reporting entity is situated in an urban center or within three days if it is situated in a remote district
- Prohibition against tipping off","Report to MFIU within 24 hours if the reporting entity is situated in an urban center or within three days if it is situated in a remote district the following:
- Cross-border wire or electronic transfer in excess of USD 10,000
- Domestic wire or electronic transfer in excess of 100 million Kyats","- Ensure that the following information remains with the wire or electronic transfers and related messages throughout the payment chain:
1. Full name of the originator
2. Originator account number where such an account is used to process the transaction
3. Originator's address, or customer identification, or date and place of birth
4. Name of the recipient and the recipient account number where such an account is used to process the transaction

- If there is no account number, a unique reference number shall be specified for each transfer
- Where several individual cross-border wire or electronic transfers from a single originator are bundled in a batch file for transmission to beneficiaries, only the originator's account number or unique transaction reference number which permits traceability of the transaction is necessary, so long as the batch file contains the required originator and beneficiary information that is fully traceable within the beneficiary country
- Information shall be maintained and transmitted by the financial institutions acting as intermediaries in a chain of payments","- Policies and procedures on customer due diligence measures, ongoing due diligence, monitoring the transaction, reporting obligations and record keeping obligations
- Procedures to ensure high standard of integrity among employees, and a system to evaluate the personal, employment and financial history of employees
- Ongoing training programmes for employees  with specific responsibilities related to AML/CFT
- Independent audit function to check compliance with and effectiveness of measures taken to implement the AML/CFT law
- Designation of a copliance officer at the senior management level
- Group-wide application of policies and procedures and information sharing within the financial group","- Develop and adopt measures to identify, assess, monitor, manage and mitigate money laundering and terrorism financing risks including the risks associated with new products or technologies
- Document risk assessment in writing, keep it up to date, make it readily available for CBM review upon request
- Consider the following factors in risk assessment:
1. Customer risk 
2. Country or geographic region risk
3. Products and services risk
4. Delivery channel risk","The Central Body shall coordinate with international and regional organizations and State parties of international or regional organizations relating to anti-money laundering to take appropriate measures including the following matters:
(a) exchanging information relating to money laundering and financing of terrorism;
(b) arranging, preparing, managing the anti-money laundering and countering the financing of terrorism and cooperating in accord with the Mutual Legal Assistance in Criminal Matters Law;
(c) conducting training, technical cooperation and capacity building on anti-money laundering and countering the financing of terrorism;
(d) conducting the awareness of anti-money laundering and countering the financing of terrorism;
(e) cooperating capacity building in anti-money laundering and countering the financing of terrorism compatible with international standards;
(f) cooperating in research and development functions of anti-money laundering and countering the financing of terrorism.

- Party to key international conventions, including the Vienna Convention, Palermo Convention, and UNCAC
- Member of the Egmont Group (limited engagement) and Asia/Pacific Group on Money Laundering (APG)","- Review records against list of designated persons, entities, associations, organizations or groups and determine whether it is holding any funds connected to persons/entities included in the list
- Freeze without delay and without prior notice the funds related to designated persons/entities
- Report to the Working Committee within three working days the particulars of funds frozen and other actions taken ",https://mfiu.gov.mm/sites/default/files/document/files/Anti%20Money%20Laundering%20Law%282014%29%20%28English%20Version%20%29.pdf,https://mfiu.gov.mm/sites/default/files/document/files/Anti%20Money%20Laundering%20Law%282014%29%20%28English%20Version%20%29.pdf,
Myanmar,Central Bank of Myanmar (CBM),Myanmar Financial Intelligence Unit (MFIU),"The Counter Terrorism Law (The Pyidaungsu Hluttaw Law No.23, 2014)",2014.0,,-do-,-do-,-do-,-do-,-do-,-do-,-do-,-do-,-do-,-do-,-do-,-do-,-do-,-do-,https://www.mfiu.gov.mm/sites/default/files/document/files/The%20Counter%20Terrorism%20Law.pdf,https://www.mfiu.gov.mm/sites/default/files/document/files/The%20Counter%20Terrorism%20Law.pdf,
Myanmar,Central Bank of Myanmar (CBM),Myanmar Financial Intelligence Unit (MFIU),Anti-Money Laundering Rules (Notification No. 1201 /2015),2015.0,,-do-,-do-,-do-,-do-,-do-,-do-,-do-,-do-,-do-,-do-,-do-,-do-,-do-,-do-,https://www.mfiu.gov.mm/sites/default/files/document/files/Anti%20Money%20Laundering%20Rule%20%282015%29%20%28English%20Version%20%29.pdf,https://www.mfiu.gov.mm/sites/default/files/document/files/Anti%20Money%20Laundering%20Rule%20%282015%29%20%28English%20Version%20%29.pdf,
Myanmar,Central Bank of Myanmar (CBM),Myanmar Financial Intelligence Unit (MFIU),Counter Financing of Terrorism Rules (Notification No. 1202 /2015),2015.0,,-do-,-do-,-do-,-do-,-do-,-do-,-do-,-do-,-do-,-do-,-do-,-do-,-do-,-do-,https://www.mfiu.gov.mm/sites/default/files/document/files/The%20Counter%20Financing%20of%20Terrorism%20Rule%20%282015%29%28English%20Version%29.pdf,https://www.mfiu.gov.mm/sites/default/files/document/files/The%20Counter%20Financing%20of%20Terrorism%20Rule%20%282015%29%28English%20Version%29.pdf,
Myanmar,Central Bank of Myanmar (CBM),Myanmar Financial Intelligence Unit (MFIU),Anti-Money Laundering Order No. 45/2019,2019.0,,-do-,-do-,-do-,-do-,-do-,-do-,-do-,-do-,-do-,-do-,-do-,-do-,-do-,-do-,https://www.mfiu.gov.mm/sites/default/files/document/files/Order%2045-2019%20Pdf%20version%20full.pdf,https://www.mfiu.gov.mm/sites/default/files/document/files/Order%2045-2019%20Pdf%20version%20full.pdf,
Myanmar,Central Bank of Myanmar (CBM),Myanmar Financial Intelligence Unit (MFIU),CBM Directive No. 18/2019 (Directive for CDD Measures),2019.0,,-do-,-do-,-do-,-do-,-do-,-do-,-do-,-do-,-do-,-do-,-do-,-do-,-do-,-do-,https://www.cbm.gov.mm/sites/default/files/cdd_directive_amendment_eng_13-11-2019__0.pdf,https://www.cbm.gov.mm/sites/default/files/cdd_directive_amendment_eng_13-11-2019__0.pdf,
Myanmar,Central Bank of Myanmar (CBM),Myanmar Financial Intelligence Unit (MFIU),FIU Instruction No. 1/2019 (Reporting Obligation Guideline),2019.0,,-do-,-do-,-do-,-do-,-do-,-do-,-do-,-do-,-do-,-do-,-do-,-do-,-do-,-do-,https://www.gbank.com.mm/wp-content/uploads/2023/03/FIU-1-Reporting-Obligation-Guideline-1-2019.pdf,https://www.gbank.com.mm/wp-content/uploads/2023/03/FIU-1-Reporting-Obligation-Guideline-1-2019.pdf,
Myanmar,Central Bank of Myanmar (CBM),Myanmar Financial Intelligence Unit (MFIU),Targeted Financial Sanctions Related to Proliferation (Central Committee for Counter Terrorism Order No. 2/2019),2019.0,,-do-,-do-,-do-,-do-,-do-,-do-,-do-,-do-,-do-,-do-,-do-,-do-,-do-,-do-,https://www.cbm.gov.mm/sites/default/files/regulate_launder/order_no.2-2019.pdf,https://www.cbm.gov.mm/sites/default/files/regulate_launder/order_no.2-2019.pdf,
Philippines,Bangko Sentral ng Pilipinas (BSP),Anti-Money Laundering Council (AMLC),"Anti-Money Laundering Act of 2001 (RA 9160), as amended by RA 9194, 10167, 10365, 11521, and its IRR",2024.0,"- Banks, non-banks, quasi-banks, trust entities, foreign exchange dealers, pawnshops, money changers, remittance and transfer companies and other similar entities and and all other persons and their subsidiaries and affiliates
- Insurance companies and pre-need companies
- Securities dealers, brokers, salesmen, investment houses and other similar persons managing securities or rendering services as investment agent, advisor, or consultant
- Mutual funds, close-end investment companies, common trust funds, and other similar persons
- Other entities administering or otherwise dealing in currency, commodities or financial derivatives based thereon, valuable objects, cash substitutes and other similar monetary instruments
- Jewelry dealers in precious metals or previous stones, who, as a business, trade in precious metals or precious stones (for transactions in excess of P1 million)
-  Company service providers that provide any of the following services to third parties: (i) acting as a formation agent of juridical persons; (ii) acting as (or arranging for another person to act as) a director or corporate secretary of a company, a partner of a partnership, or a similar position in relation to other juridical persons; (iii) providing a registered office, business address or accommodation, correspondence or administrative address for a company, a partnership or any other legal person or arrangement; and (iv) acting as (or arranging for another person to act as) a nominee shareholder for another person
- Persons who provide any of the following services: (i) managing of client money, securities or other assets; (ii) management of bank, savings or securities accounts; (iii) organization of contributions for the creation, operation or management of companies; and (iv) creation, operation or management of juridical persons or arrangements, and buying and selling business entities
- Casinos
- Real estate developers and brokers
- Offshore gaming operators and their service providers","Risk-based approach: 
- reduced CDD for potentially low-risk clients
- average CDD for clients posing normal risk
- EDD for higher-risk accounts

To be undertaken when:
- establishing business relations with any customer
- undertaking any occasional but relevant business transaction for any customer who has not otherwise established relations with the covered person, as follows:
(i) transaction with a value exceeding P100,000, except for money changing or remittance transactions
(ii) two or more transactions believed to be linked and with an aggregate value exceeding P100,000
(iii) in relation to remittance and money changing transactions, any transaction or two or more transactions believed to be linked, with an aggregate value exceeding P5,000
- there is suspicion of ML or TF
- there is doubt about the veracity or adequacy of previously obtained customer identification data","- For individuals: name of customer; PhilSys Card Number; date and place of birth; address; contact number or information; citizenship or nationality; specimen signature or biometric; name, address, date and place of birth, contact number or information and citizenship or nationality of the beneficiary or beneficial owner, whenever applicable; valid identification documents or other reliable, independent source documents, data or information

- Juridical persons: name of juridical person; name, address, citizenship or nationality of beneficial owner, if applicable, and authorized signatories; official address; contact numbers or information; nature of business; specimen signatures or biometrics of the authorized signatory; certificates of registration; secondary license or certificate of authority; articles of incorporation/partnership; latest general information sheet; resolution authorizing the signatory to sign on behalf of the entity; for entities registered outside the Philippines, similar documents and information authenticated by senior officer or designated officer of the entity in the country of registration, or by the Philippine Consulate, company register or notary public where the entities are registered

- For legal arrangement: name of legal arrangement and proof of existence; address and country of establishment; nature, purpose and objects of the legal arrangement; names of the settlor, trustee, trustor, protector (if any), beneficiary and any other natural person exercising ultimate effective control over the legal arrangement; description of the purpose/activities of the legal arrangement; expected use of the account; amount, number, type, purpose and frequency of the transaction expected
","- Conduct of enhanced due diligence (EDD) for PEPs, their immediate family members and close associates, including:
(i) supporting information on the intended nature of the business relationship/source of funds/source of wealth
(ii) reasons for intended or performed transactions
(iii) list of companies where they are a stockholder, director, officer or authorized signatory
(iv) other relevant information available through public databases or the internet
- list of banks where the individual has maintained or is maintaining an account
- Senior management approval to commence or continue the business relationship/transaction with the customer
- Reasonable measures to establish the source of wealth and the source of funds of customers and beneficial owners identified as PEPs
- Conduct of enhanced ongoing monitoring of the relationship","- Conduct due diligence on the respondent bank and identify, understand and assess the ML/TF risks in correspondent banking relationships, considering among others:
(i) nature of the service to be provided
(ii) profile of the respondent bank
(iii) the respondent bank's operating environment, including quality of AML/CFT regime and regulatory framework of the jurisdiction that issued license to the respondent bank

- Obtain approval from senior management when establishing new correspondent relationships
- Clearly understand and document the respective AML/CFT responsibilities of each institution
- Prohibition from entering into, or continuing, correspondent banking relationships with shell banks 
- Measures to ensure that respondent banks do not permit their accounts to be used by shell banks
- Periodic due diligence reviews and sanction screening of CDD information on the respondent bank, its owners, directors, senior management and authorized signatories
- Develop appropriate transaction monitoring system that will enable understanding of the usual or expected activities of the respondent bank and detect any unusual or suspicious transaction pattern of activity that is inconsistent with the purpose of services provided to the respondent banks","- Ultimate responsibility for knowing the customer, keeping the identification documents, and managing attendant risks shall rest with the covered person
- Gather sufficient information about the third party and the group to which it belongs, and be satisfied that the third party is regulated, and supervised or monitored for, and has measures in place for compliance with CDD and record-keeping requirements
- Document the respective responsibilities of each institution
- Obtain approval from senior management at inception of relationship before relying on the third party

- For covered person counterparty: written sworn certification that the third party has conducted the prescribed customer identification procedures in accordance with the law and regulations and has in its custody all the minimum information and/or documents required to be obtained from the customer, and that the relying covered person has the ability to obtain identification documents from the third party upon request without delay

- For third party operating outside the Philippines: written sworn certification that the third party has conducted the prescribed customer identification procedures in accordance with the law and regulations and has in its custody all the minimum information and/or documents required to be obtained from the customer, that the relying covered person has the ability to obtain identification documents from the third party upon request without delay, and that the laws of the country where the third party is operating has equal or more stringent customer identification process requirement and that it has not been cited in violation thereof.","- Establish a system that will enable understanding of the
normal and reasonable account or business activity of customers to ensure that the customers’ accounts and transactions are consistent with their knowledge of the customers, and the latter’s commercial activities, risk profile, and source of funds and detect unusual or suspicious patterns of account activity
- Examine the background and purpose of all complex, unusually large transactions, all unusual patterns of transactions, which have no apparent economic or lawful purpose, and other transactions that may be considered
suspicious","- Retention for five (5) years from the date of transaction/ following closure of account or termination of business relationship
- Beyond 5 years for records of customers/ accounts subject of a case
- CTR/STR: at least 5 years from submission to AMLC","- Report to AMLC within five (5) working days of date of determination of the suspicious nature of the transaction, which determination should be made not exceeding ten (10) calendar days from the date of transaction
- Prohibition against tipping off","- Report to AMLC within five (5) working days from occurrence  transactions in cash or other equivalent monetary instrument exceeding P500,000 ","- Cross-border and domestic fund/wire transfers and related message not exceeding P50,000 or its equivalent in foreign currency shall include that the following information throughout the payment chain:
(i) name of the originator
(ii) name of the beneficiary
(iii) account number of the originator and beneficiary, or in its absence, a unique reference number

- For cross-border and domestic fund/wire transfers and related message amounting to P50,000 or more, or its equivalent in foreign currency, the following information should be obtained and accompany the wire transfer:
(i) name of the originator
(ii) originator account number or a unique transaction reference number which permits traceability of the transaction
(iii) originator’s address, or national identity number, or customer
identification number, or date and place of birth
(iv) name of the beneficiary
(v) beneficiary  account number or unique transaction reference number which permits traceability of the transaction

- Where several individual cross-border wire or electronic transfers from a single originator are bundled in a batch file for transmission to beneficiaries, only the originator's account number or unique transaction reference number which permits traceability of the transaction is necessary, so long as the batch file contains the required originator and beneficiary information that is fully traceable within the beneficiary country

- Intermediary financial institutions shall ensure that all originator and beneficiary information that accompany a wire transfer are retained in the payment message
","- Group-wide Money Laundering and Terrorist Financing Prevention Program
- Independent compliance function, with AML compliance office who is at least at senior officer level
- Effective and continuous AML/CFT training program for all directors, and responsible officers and employees
- Adequate screening and recruitment process
- Independent internal audit with adequate audit program
- Adequate safeguards on the confidentiality and use of information exchanged, including safeguards to prevent tipping-off
- Mechanism to comply with freeze, bank inquiry and asset preservation orders
- Mechanism to comply with prohibitions from conducting transactions with designated persons and entities
- Monitoring and reporting tools appropriate for the institution's risk profile and business complexity, including system for flagging and monitoring suspicious and covered transactions","- Institutional risk assessment to identify, understand and assess ML/TF/PF and sanctions risks arising from customers, countries or geographic areas of operations and customers, products, services, transactions or delivery channels, that is updated/ conducted at least once every two (2) years, or as often as the Board or senior management may direct, depending on the level of risks identified in the previous risk assessment.

- Assessment of ML/TF/PF and sanctions risks that may arise in relation to the development of new products and new business practices, including new delivery mechanisms, and the use of new or developing technologies for both new and pre-existing products

- Appropriate measures to manage and mitigate the identified risks","- Principle of mutuality and reciprocity
- The AMLC may refuse to comply with any request for assistance where the action sought by the request contravenes any provision of the Constitution or the execution of a request is likely to prejudice the national interest of the Philippines unless there is a treaty between the Philippines and the requesting State relating to the provision of assistance in relation to money laundering offenses.
- A request for mutual assistance from a foreign State must (1) confirm that an investigation or prosecution is being conducted in respect of a money launderer named therein or that he has been convicted of any money laundering offense; (2) state the grounds on which any person is being investigated or prosecuted for money laundering or the details of his conviction; (3) give sufficient particulars as to the identity of said person; (4) give particulars sufficient to identify any covered institution believed to have any information, document, material or object which may be of assistance to the investigation or prosecution; (5) ask from the covered institution concerned any information, document, material or object which may be of assistance to the investigation or prosecution; (6) specify the manner in which and to whom said information, document, material or object obtained pursuant to said request, is to be produced; (7) give all the particulars necessary for the issuance by the court in the requested State of the writs, orders or processes needed by the requesting State; and (8) contain such other information as may assist in the execution of the request.
- Party to key international conventions, including the Vienna Convention, Palermo Convention, and UNCAC
- Member of the Egmont Group and Asia/Pacific Group on Money Laundering (APG)","- Develop sanctions screening system and procedures, which include:
(i) Screening of (a) customers, including beneficial owners or any persons purporting to act on behalf of the customer and their authorized signatories, (b) transactors/non-accountholders transacting with the covered person, and (c) counterparties/other credentials or relevant information in wire transfers or trade transactions, at the minimum asset freezing
(ii) Defining the timing of the conduct of screening such as (a) upon establishment of relationship or opening of an account, or at the latest prior to the first transaction, regardless of the customer risk profile, (b) periodically over the course of the
relationship, especially whenever new designations or updates are issued, and (c) whenever there are updates to the client’s information, such as change of ultimate beneficial owners or authorized signatories.
- Adopt and maintain sanctions database that include, at a minimum, UNSC Consolidated List and domestic designations
- In case of potential target match, immediate freezing of funds and other assets of designated persons and inform AMLC on the same day the freeze is implemented
- prohibitions to prevent funds or other assets from being made available, directly or indirectly, for the benefit of any individual, natural or legal persons or entiry designated by the Court of Appeals (for terrorism financing) or UNSCR (for proliferation financing)",http://www.amlc.gov.ph/laws/money-laundering/2015-10-16-02-50-56/republic-act-9160,http://www.amlc.gov.ph/laws/money-laundering/2015-10-16-02-50-56/republic-act-9194,
Philippines,Bangko Sentral ng Pilipinas (BSP),Anti-Money Laundering Council (AMLC),Terrorism Financing Prevention and Suppression Act of 2012 (RA 10168),2012,,-do-,-do-,-do-,-do-,-do-,-do-,-do-,-do-,-do-,-do-,-do-,-do-,-do-,-do-,http://www.amlc.gov.ph/laws/terrorism-financing/2015-10-16-02-51-58,http://www.amlc.gov.ph/laws/terrorism-financing/2015-10-16-02-51-58,
Philippines,Bangko Sentral ng Pilipinas (BSP),Anti-Money Laundering Council (AMLC),BSP regulations on Anti-Money Laundering and Combating the Financiang of Terrorism,2023,,-do-,-do-,-do-,-do-,-do-,-do-,-do-,-do-,-do-,-do-,-do-,-do-,-do-,-do-,https://www.bsp.gov.ph/Regulations/MORB/2023_MORB/2023_MORB_P9/2023_Part%20IX_01_AML%20CFT%20Regulations.pdf,https://www.bsp.gov.ph/Regulations/Issuances/2023/M-2023-042.pdf,
Singapore,Monetary Authority of Singapore (MAS),Suspicious Transaction Reporting Office (STRO),Financial Services and Markets Act 2022,2022.0,"- Banks, including merchant Banks
- Finance companies
- Financial institutions
- Persons granted a license under the Payment Services Act 2019
- Insurers and insurance intermediaries
- Financial advisers
- Any approved holding company, approved exchange, recognised market operator, licensed trade repository, licensed foreign trade repository, approved clearing house, recognised clearing house, authorised benchmark administrator, authorised benchmark submitter, designated benchmark submitter or holder of a capital markets services licence
- any trustee for a collective investment scheme
- any trustee-manager of a business trust 
- trust companies
- operators of a designated payment system
- providers of digital token services","Risk-based approach: Three types of CDD (CDD, Simplified CDD, and Enhanced CDD)

To be performed when:
- establishing business relations with any customer
- for banks: undertaking any transaction of a value exceeding SGD 20,000 (other than digital token transactions), whether single transaction or two or more transactions that are related or linked, for any customer who has not otherwise established business relations with the bank
- undertaking any digital token transaction for any customer who has not otherwise established business relations with the bank
- effecting or receiving wire transfers, whether domestic or cross-border, exceeding SGD 1,500, for any customer who has not otherwise established business relations with the bank
- there is suspicion of ML/TF/PF
- there are doubts about the veracity or adequacy of any information previously obtained
","- For natural persons (including those appointed to act on a customer's behalf, and beneficial owners)): full name (including aliases); unique identification number; residential address; date of birth; nationality

- For legal persons or legal arrangements (including beneficial owners): full name; incorporation number, business registration number or tax identification
number or its equivalent; registered or business address, and if different, its principal place of business; date of constitution, incorporation or registration; place of incorporation or registration; copy of the trust deed (or its equivalent)(if any); purpose for which the legal person or legal arrangement was set up; place from where the legal person or legal arrangement is administered; legal form, constitution, and powers that regulate and bind the legal person or legal arrangement; full name (including aliases) and unique identification number of connected parties; natural persons who ultimately own or control the legal person, or in the absence thereof, natural persons haveing executive authority in the legal person; natural persons exercising ultimately ownership, control or effective control over the trust relevant parties, or persons in equivalent or similar positions for other types of legal arrangements","- Conduct of enhanced due diligence (EDD) for PEPs, their immediate family members and close associates, including:
(i) senior management approval to establish or continue business relations with, or undertake any transaction without an account being opened
(ii) appropriate and reasonable means to establish the source of wealth and source of funds of the customer and any beneficial owner
(iii) increased degree and nature of monitoring of business relation with and transactions for the customer","- Gather adequate information about the respondent institution to fully understand the nature of the respondent's business
- Assess AML/CFT/CPF controls implemented by the respondent institution having regard to AML/CFT/CPF measures of the country of jurisdiction in which the respondent institution operates
- Based on available sources, evaluate the reputation of the respondent institution and the quality of supervision to which it is subject, including whether it has been subject to a ML/TF/PF investigation or regulatory action
- Obtain approval from senior management before establishing new correspondent banking relationships
- Clearly understand the respective AML/CFT/CPF responsibilities of each institution
- With respect to ""payable-through accounts"", be satisfied that the respondent banks have performed CDD obligations on customers with direct access to the accounts, is able to perform ongoing monitoring of its business relations with the third party and can provide CDD information upon request
- Cease business relations with respondent banks that have relations or transactions with shell banks or allow their accounts to be used by shell banks","- Documented assessment that the third party is subject to and supervised for compliance with AML/CFT requirements consistent with standards set by the FATF, and has adequate AML/CFT measures in place to comply with those requirements 
- Documented identification, assessment and understanding of the ML/TF risks particular to the countries or jurisdictions that the third party operates in
- No specific prohibition by MAS from relying on the third party
- Third pary is is able and willing to provide, without delay, upon request, any data, documents or information obtained by the third party with respect to the measures applied on the customer
- Prohibition from relying on third parties to conduct ongoing due diligence 
- Ultimate responsibility of AML/CFT obligations remains with the supervised institution","- Observe the conduct of the customer’s account and scrutinise transactions undertaken throughout the course of business relations, to ensure that the transactions are consistent with the bank’s knowledge of the customer, its business and risk profile and where appropriate, the source of funds, including information received through COSMIC (if applicable)
- Enhanced risk mitigation measures where the transaction involves a transfer of a digital token to or a receipt of a digital token from an entity other than a financial institution
- Inquire into the background and purpose of complex, unusually large or unusual patterns of transactions, undertaken throughout the course of business relations, that have no apparent or visible economic or lawful purpose
- ","CDD information, including account files, business correspondence and results of any analysis: five years following the termination of business relation 

Data, documents and information relating to a transaction: five years following completion of the transaction","- Report to a Suspicious Transaction Reporting Officer as soon as is reasonably practicable after knowledge/suspicious information comes to attention 
- Prohibition against tipping off","CTR for cash and cash equivalent transactions exceeding S$20,000","- Ensure that the message or payment instruction for all cross-border wire transfers/ value transfers involving an amount exceeding SGD 1,500 are accompanied by the following:
(i) name of originator
(ii) originator's account number (or a unique reference number if there is no account number) 
(iii) originator's residential address, or registered or business address, and if different, principal place of business; or originator's unique identification number; or originator's date and place of birth, incorporation or registration
(iv) name of beneficiary
(v) beneficiary's account number (or a unique reference number if there is no account number)

- Message or payment instruction for all cross-border wire transfers/ value transfers below or equal to SGD 1,500 shall be accompanied by the following information:
(i) name of originator and beneficiary
(ii) account number of the originator and beneficiary (or a unique reference number if there is no account number)

- Where several individual cross-border wire transfers/ value transfers from a single originator are bundled in a batch file for transmission to beneficiaries, the batch file should contain the full originator and beneficiary information

- Intermediary financial institutions shall retain all the required originator and beneficiary information that accompany a wire transfer/ value transfer","- Group policies, procedures and controls to enable effective management and mitigation of risks
- Monitoring of implementation of policies, procedures and controls
- Implementation of enhanced measures where higher risks are identified
- Systems and processes to monitor business relations with customers, and detect and report suspicious, complex, unusually large or unusual patterns of transactions
- Appropriate compliance management arrangements, including appointment of an AML/CFT compliance officer at the management level
- Adequately resourced and independent audit function
- Screening procedures to ensure high standards when hiring employees and appointing officers
- Ongoing training of employees and officers","- Documented and updated risk assessment to identify, assess and understand ML/TF/PF risks in relation to:
(i) customers
(ii) countries or jurisdictions customers are from or in
(iii) countries or jurisdictions the institution has operations in
(iv) products, services, transactions, including digital token transactions, and delivery channels

- Risk assessment prior to launch of:
(i) new products and new business practices, including new delivery mechanisms
(ii) use of new or developing technologies for both new and existing products","Communication of information to foreign authority is allowed if:
- the information may be relevant to an investigation by the foreign authority into a serious offense
- there exists an agreement, or an international arrangement, under which the corresponding authority of the foreign country has agreed, or the corresponding authority of the foreign country has given an undertaking, to communicate to Singapore, upon Singapore’s request, information received by the corresponding authority that corresponds to any thing required to be disclosed, given, forwarded or submitted to, or filed with, a Suspicious Transaction Reporting Officer
- the corresponding authority has given appropriate undertakings (i) for protecting the confidentiality of any thing communicated to the corresponding authority; and (ii) controlling the use that will be made of that thing, including an undertaking that the thing will not be used as evidence in any proceedings
- Party to key international conventions, including the Vienna Convention, Palermo Convention, and UNCAC
- Member of the Egmont Group and Asia/Pacific Group on Money Laundering (APG)","- Screening of customers, representatives, connected parties, beneficial owners, wire/value transfer originators and beneficiaries against relevant ML/TF/PF information sources, and lists and information provided by MAS or other relevant authorities in Singapore 

- Freeze without delay and without prior notice, the funds or other assets of designated persons and entities that it has control over

- Report freezed funds or assets promptly to the
relevant authorities and  file STR as soon as possible, no later than 1 business day after suspicion was first
established",https://sso.agc.gov.sg/Act/FSMA2022?ViewType=Pdf&_=20230425200529,https://sso.agc.gov.sg/Act/FSMA2022?ViewType=Pdf&_=20230425200529,
Singapore,Monetary Authority of Singapore (MAS),Suspicious Transaction Reporting Office (STRO),"Corruption, Drug Trafficking, and Other Serious Crimes Act (CDSA), as amended",1992.0,,-do-,-do-,-do-,-do-,-do-,-do-,-do-,-do-,-do-,-do-,-do-,-do-,-do-,-do-,https://sso.agc.gov.sg/Act/CDTOSCCBA1992,https://sso.agc.gov.sg/Act/CDTOSCCBA1992,
Singapore,Monetary Authority of Singapore (MAS),Suspicious Transaction Reporting Office (STRO),Anti-Money Laundering and Other Matters Act,2024.0,,-do-,-do-,-do-,-do-,-do-,-do-,-do-,-do-,-do-,-do-,-do-,-do-,-do-,-do-,https://sso.agc.gov.sg/Acts-Supp/24-2024/Published/20240830?DocDate=20240830,https://sso.agc.gov.sg/Acts-Supp/24-2024/Published/20240830?DocDate=20240830,
Singapore,Monetary Authority of Singapore (MAS),Suspicious Transaction Reporting Office (STRO),MAS AML/CFT Notices & Guidelines,,,-do-,-do-,-do-,-do-,-do-,-do-,-do-,-do-,-do-,-do-,-do-,-do-,-do-,-do-,https://www.mas.gov.sg/regulation/anti-money-laundering,https://www.mas.gov.sg/regulation/anti-money-laundering,
Singapore,Monetary Authority of Singapore (MAS),Suspicious Transaction Reporting Office (STRO),"MAS Notice 626 - Prevention of Money Laundering and Countering the Financing of Terrorism (Banks), as revised",2024.0,,-do-,-do-,-do-,-do-,-do-,-do-,-do-,-do-,-do-,-do-,-do-,-do-,-do-,-do-,https://www.mas.gov.sg/-/media/amld-amendments---30-june-2025/mas-notice-626.pdf,https://www.mas.gov.sg/-/media/amld-amendments---30-june-2025/mas-notice-626.pdf,
Singapore,Monetary Authority of Singapore (MAS),Suspicious Transaction Reporting Office (STRO),Guidelines to Notice 626 on Prevention of Money Laundering and Countering the Financing of Terrorism – Banks,2025.0,,-do-,-do-,-do-,-do-,-do-,-do-,-do-,-do-,-do-,-do-,-do-,-do-,-do-,-do-,https://www.mas.gov.sg/regulation/guidelines/guidelines-to-notice-626-on-prevention-of-money-laundering-and-cft-for-banks,https://www.mas.gov.sg/regulation/guidelines/guidelines-to-notice-626-on-prevention-of-money-laundering-and-cft-for-banks,
Thailand,Anti-Money Laundering Office (AMLO),AMLO,"Anti-Money Laundering Act B.E. 2542 (1999), as amended",1999.0,"- Financial institutions, including entities undertaking deposit-taking, lending, and other financial services
- Securities-related businesses not already classified as financial institutions
- Dealers in precious stones, gold, and high-value assets
- Car dealers and hire-purchase/leasing businesses
- Real estate brokers and agents
- Antique dealers
- Personal loan businesses not classified as financial institutions
- Electronic money businesses not classified as financial institutions
- Credit card businesses not classified as financial institutions
- Electronic payment service businesses 
- Profession conducting a financial businesses under the law on exchange control
","Risk-based approach: Simplified for low-risk customer; enhanced CDD for high-risk customer

To be performed when:
- establishing business relationships
- carrying out occasional transactions:
(i) single transactions or several transactions which appear to be linked and with total value of THB 100,000 or above
(ii) bill payment services where each transaction amounts to THB 500,000 or above
(iii) electronic money services or wire transfers where each transaction amounts to THB 50,000 or above
- there is suspicion of ML/TF/PF
- there are doubts about the previously obtained customer identification data
","- Obtain information on the intended purpose of transaction
- For legal persons and legal arrangements: name, legal form and proof of legal status and existence; powers that control, regulate and bind the legal person or legal arrangement; names of the relevant persons having a senior management position; address of the registered office and, if different, address of the head office; identity of natural persons who exercise controlling power over the legal person; identity of the settlor, trustee/s, protector, beneficiaries or class of beneficiaries, and any other natural person exercising ultimate effective control over the legal arrangement, including any person in a chain of control/ownership","- Conduct of enhanced due diligence (EDD) for PEPs, their immediate family members and close associates, as follows:
(i) senior executive approval to establish the business relationship or to conduct occasional transaction 
(ii) obtain additional information on sources of funds or source of wealth or income or the objectives for each transaction
(iii) conduct of enhanced transaction monitoring by increasing the frequency or procedures or methods for monitoring transactions and business relationships, and increasing the frequency of verification of identification of customers and beneficial owners

Please refer to the Ministerial Regulation on CDD B.E. 2563 (2020)","- Conduct due diligence n the respondent financial institution
- Clearly understand the nature of the respondent financial institution's business
- Verify the trustworthiness of the respondent financial institution and the reliability of the agencies responsible for anti-money laundering and countering the financing of terrorim and proliferation of weapons of mass destruction supervision of the respondent financial institution from reliable sources of information
- Assess the internal control measures relating to risk management of the respondent financial institution
- Set out the responsibilities and liabilities between the financial institution and the respondent financial institution on compliance with anti-money laundering and combating the financing of terrorism and proliferation of weapons of mass destruction measures
- Obtain approval from senior management before establishing new business relationships with the respondent financial institution
- With respect to ""payable-through accounts"", require the respondent financial institution to perform customer identification and CDD process on that customer and provide CDD information upon request of the correspondent financial institution
- Cease business relations with respondent financial institutions that: 
(i) is a shell bank
(ii) has relationships or provides financial services for or holds accounts for shell banks
(iii) does not have policies and procedures for effective risk management
(iv) are involved with predicate offenses and ML/TF/PF, including its beneficial owners","- The third party should:
 (i) make available relevant CDD information immediately upon request
(ii) be under proper regulation and supervision of relevant competent authorities
(iii) complete CDD procedures and record-keeping requirements of customers

- Assess the reliability of the third party, considering the risk level of countries where the third party is located or operating in

- Ultimate responsibility of AML/CFT obligations remains with the supervised institution","- Ensure that transactions are consistent with the purpose of intended business relationship, business profile, classified risk level, source of funds, and other obtained information from the customer","- Records relating to customer identification: five (5) years from the date the account was closed or the relationship with the customer terminated
- Records relating to financial transactions or record of facts: five (5) years from the date the transaction or the recording of facts occurred
- Records relating to STR and CTR: ten (10) years from the date the account was closed or the relationship with the customer terminated

Please refer to the Ministerial Regulation on CDD B.E. 2563 (2020)","- File STRs with AMLO within seven (7) days of suspicion
- Prohibition against tipping off","Report cash transactions involving THB 2 million or more
","- Ensure that the transfer instruction for across-border wire transfers involving an amount of THB 50,000 or above are accompanied by the following information:
(i) full name of originator
(ii) originator's account number (or a unique reference number if there is no account number) 
(iii) originator's address, national identification number, personal identification number issued by the government or date and place of birth
(iv) full name of beneficiary
(v) beneficiary's account number (or a unique reference number if there is no account number)

- For cross-border wire transfers below THB 50,000:
(i) full name of originator and beneficiary
(ii) account number of the originator and beneficiary (or a unique reference number if there is no account number)

- Where several individual cross-border wire transfers from a single originator are bundled in a batch file for transmission to beneficiaries, ordering financial institution shall provide the account number or unique reference number and other relating information originator and beneficiary that is fully traceable within the beneficiary's country

- Intermediary financial institutions shall retain all the required originator and beneficiary information that accompany a wire transfer/ value transfer","- Group policies, procedures and controls to enable effective management and mitigation of risks, including sharing of information within the group
- Compliance management arrangements, and appointment of a compliance officer at the management level
- Screening procedures when hiring employees
- Ongoing employee training program
- Independent audit function","- Documented and updated risk assessment to identify, assess and understand ML/TF/PF risks taking into consideration risk factors about customers, geographical area or country, product or service, transaction or delivery channel
- Assess, manage and mitigate risk of all customers from the establishment until the termination of business relationship or when carrying out occasional transaction with customers
- Risk assessment prior to:
(i) the development of new products or new business conduct as well as new channels or mechanisms for service delivery
(ii) the application of new or emerging technology with both new and existing products or services","-Mutual legal assistance framework
- Party to key international conventions, including the Vienna Convention, Palermo Convention, and UNCAC
- Member of the Egmont Group, Asia/Pacific Group on Money Laundering (APG), FATF and BIMSTEC

","- Validation of information of the customer and ultimate beneficial owner against the list of designated persons
- Immediate freezing of funds, assets and economic resources of designated persons",https://www.amlo.go.th/amlo-intranet/media/k2/attachments/AMLAYconsolidatedY1-6Yfinal_4754.pdf,https://www.amlo.go.th/amlo-intranet/media/k2/attachments/AMLAYconsolidatedY1-6Yfinal_4754.pdf,
Thailand,Anti-Money Laundering Office (AMLO),AMLO,"Counter-Terrorism and Proliferation of Weapons of Mass Destruction Financing Act B.E. 2559, as amended",2016.0,,-do-,-do-,-do-,-do-,-do-,-do-,-do-,-do-,-do-,-do-,-do-,-do-,-do-,-do-,https://www.amlo.go.th/amlo-intranet/media/k2/attachments/CTPF%20Act_1_9197.pdf,https://www.amlo.go.th/amlo-intranet/media/k2/attachments/CTPF%20Act%20No%202%20final_9835.pdf,
Thailand,Anti-Money Laundering Office (AMLO),AMLO,Mutual Legal Assistance in Criminal Matters Act B.E. 2535,1992.0,,,,,,,,,,,,,,,,https://asean.org/wp-content/uploads/2022/04/MLA-Laws-and-Related-Matter.pdf,https://asean.org/wp-content/uploads/2022/04/MLA-Laws-and-Related-Matter.pdf,
Thailand,Anti-Money Laundering Office (AMLO),AMLO,Ministerial Regulation on Customer Due Diligence B.E. 2563 (2020),2020.0,,-do-,-do-,-do-,-do-,-do-,-do-,-do-,-do-,-do-,-do-,-do-,-do-,-do-,-do-,https://www.amlo.go.th/index.php/en/aml-cft-laws-policy-measures/2016-06-04-14-55-30/detail/11832,https://www.amlo.go.th/index.php/en/aml-cft-laws-policy-measures/2016-06-04-14-55-30/detail/11832,
Thailand,Anti-Money Laundering Office (AMLO),AMLO,Ministerial Regulation No. 2: Report of Transactions of Financial Institutions,2000.0,,-do-,-do-,-do-,-do-,-do-,-do-,-do-,-do-,-do-,-do-,-do-,-do-,-do-,-do-,https://www.amlo.go.th/index.php/en/aml-cft-laws-policy-measures/2016-06-04-14-55-30/detail/5152,https://www.amlo.go.th/index.php/en/aml-cft-laws-policy-measures/2016-06-04-14-55-30/detail/5152,
Timor-Leste,Banco Central de Timor-Leste (BCTL),Financial Information Unit (FIU),Law No. 17/2011 (Legal Regime for the Prevention and Combating of Money Laundering and Financing of Terrorism) |,2011.0,"- Credit institutions, including microfinance institutions
- Insurance companies, including investment companies and related brokers
- Financial and financial leasing companies
- Entities that issue and manage credit and debit cards
- Any individual or legal person who deals with money transactions/ exchange of currency in a professional capacity 
- Any individual or legal person whose profession is connected with the transfer of funds
- Casinos, including online casinos
- Any person whose activity consists in providing financial services or who intervenes or assists in financial or real estate operations, in representation of a client
- Accountants, independent auditors and tax advisors","Risk-based approach: reduced or simplified for lower risk; enhanced for higher risk

To be performed when:
- establishing business relationship with any customer
- carrying out occasional transactions with amount equal to or greater than USD 10,000, whether conducted as a single transaction or several transactions that appear to be linked
- there are doubts about the veracity or adequacy of previously obtained customer identification data
- there is a suspicon of ML/TF","- Individuals (including representatives and beneficial owners): full name and signature; national identification number; date and place of birth; nationality; complete permanent address; occupation and employer (if any); taxpayer number; public office held (if any); type, number, date and issuer of the identification document; income; Expected use of the account- amount, number, type, purpose and frequency of the transactions expected; e-mail address, if any, landline number and/or mobile phone number

- Legal persons or legal arrangements: corporate name; corporate purpose; legal form and proof of existence; powers that regulate and bind the legal person or arrangement, as well as the names of the relevant persons having senior management position in the legal person or arrangement; address of the registered office and, if different, a principal place of business; taxpayer number; company's registration number; identity of the partners or shareholders who own or have voting rights in the legal person corresponding to at least 5% of the share capital; identitify of the legal person's management bodies; identity of any persons exercising effective control' identity of beneficial owners

- Purpose and intended nature of the business relationship

For Money Transfer Operators (MTO):
- For transactions less than USD 500: obtain identification document of the cusromer and the beneficiary; register the full name, date of birth, address, and identification number of the customer and/or beneficiary

- For transactions equal to or above USD 500: in addition to the above, obtain copy of identification of customers

- For transactions equal to or above USD 2,500: in addition to the above, request information on source of funds and reason for conducting the transaction","- Conduct of enhanced due diligence (EDD) for PEPs, their immediate family members and close associates, including:
(i) senior management approval to establish or continue business relations with the customer
(ii) more detailed information from the customer and the beneficial owner and through publicly available information take all reasonable and appropriate measures to establish the source of wealth or funds and the purpose of the transaction
(iii) enhanced ongoing due diligence

For MTOs:
- Obtain copy of identification document of the cusromer and the beneficiary
- Register the full name, date of birth, address, and identification number of the customer and/or beneficiary
- Request information on source of funds and reason for conducting the transaction
- Obtain prior authorization from the highest level of management before executing any remittance service","- Prohibition from establishing or maintaining business relationships with banks or financial entities that are domiciled or are subsidiaries of entities based in a country or territory that does not have effective consolidated supervision
- Prohibition from stablishing or maintaining commercial relationships with respondent financial institutions that permit their accounts to be used by shell banks
- Obtain approval of Senior Management before establishing a
new correspondent banking relationship
- Gather adequate information about the respondent bank to understand fully the nature of the respondent bank’s business
- Evaluate the reputation of the correspondent institution and the nature of the supervision to which it is subject, based on publicly available information
- Assess the adequacy and effectiveness of the respondent bank’s AML/CFT systems, having regard to the AML/CFT measures of the country or jurisdiction in which the respondent bank operates
- Clearly understand the respective AML/CFT/CPF responsibilities of each institution
- With respect to ""payable-through accounts"", ensure that the respondent institution has verified the customer's identity, implemented mechanisms for ongoing monitoring with respect to its clients, and is capable of providing relevant identifying information upon request",No specific provisions allowing reporting entities to rely upon a third party for CDD,"- Closely examine the transactions carried out to ensure
that they are consistent with their knowledge of the customer, his/her commercial activities and risk profile and, where required, the source of his/her funds
- Regular reviews on existing records of customers, especially when:
(i) a significant transaction is about to take place
(ii) there is a material change in the way the account is operated
(iii) the customer’s documentation standards change substantially
(iv) it discovers that the information held on the customer is insufficient.","- Copies of documents evidencing the identities of customers, beneficial owners or
agents, customer due diligence, account files, business correspondence and
documents relating to transactions: at least ten 10 years after the transaction
has been completed or the business relationship with the customer has ended

- Copies of all reports sent to the FIU: at least five (5) years from the date the report was sent

- Copies of the feedback provided by the FIU regarding the STRs submitted: five (5) years from the date of receipt of information

- Records that are the subject of criminal investigations, or administrative or regulatory proceedings or ongoing legal action shall be retained beyond the stipulated retention period until such records are no longer needed

- For MTOs: at least five (5) years","- Immediate reporting of suspicious transactions to the FIU where there is reason to suspect that a transaction may involve
proceeds from an unlawful activity or the customer is involved in ML/TF, including attempted transactions
- Prohibition against tipping-off

","- Report to the FIU any cash transaction amounting to USD 10,000 or above, whether conducted in a single transaction or several transactions that appear to be linked

- For MTOs: Report to BCTL all transactions equal to or above USD 2,500","- All wire transfers shall always contain the following:
(i) name of the originator
(ii) originator account number used to process the transaction
(iii) originator's address, or national identity number, or customer identification number, or date and place of birth
(iv) name of the beneficiary
(v) beneficiary account number used to process the transaction

- in the absence of an account, a unique transaction reference number that permits traceability of the transaction

- Where several individual cross-border wire transfers/ value transfers from a single originator are bundled in a batch file for transmission to beneficiaries, the batch file should contain the full originator and beneficiary information that is fully traceable within the beneficiary country

- Intermediary financial institutions shall retain all the required originator and beneficiary information that accompany a wire transfer/ value transfer

","- Guidelines, internal policies, procedures and controls to prevent ML/TF
- Screening procedures to ensure high standards when hiring employees
- Continuous training for executives and employees
- System to detect unusual transactions in customers’ accounts and procedures to assess whether these unusual transactions give rise to suspicions that should be reported to the FIU
- Internal audit 
- Appointment of Compliance Officer at Senior Management level
- Submission of annual compliance report on implementation of regulations to the Central Bank within four months after the end of each financial year, together with auditor's opinion containing:
(i) reasonable assurance about the policies, procedures, systems and controls to prevent ML/TF
(ii) description of test of controls performed and results thereof
(iii) material shortcomings or weaknesses
(iv) limitations in the scope of the audit
- Requirements shall apply to major subsidiaries and branches situated abroad","- Identify and assess the risk of customers, considering:
(i) country origin of the customer and location of business
(ii) background or profile of the customer
(iii) nature of the customer's business
(iv) structure of ownership for corporate customers
(v) products, services, transactions or delivery channels offered","- Broadest cooperation with competent authorities of other States for the purposes of international judicial cooperation
- Party to key international conventions, including the Vienna Convention, Palermo Convention, UNCAC.
- The FIU is empowered to exchange financial intelligence with foreign counterparts through bilateral Memoranda of Understanding (MOUs) and informal channels.
- Member of Asia/Pacific Group on Money Laundering (APG)

","- Freezing of funds and financial assets of terrorists, those financing terrorism, and terrorist organizations designated by the United Nations Security Council 
- Immediate reporting to FIU and the Central Bank of funds related to designated persons/groups
",https://bwcimplementation.org/sites/default/files/resource/TL_Law%20No.%2017%20of%202011_EN.pdf,https://bwcimplementation.org/sites/default/files/resource/TL_Law%20No.%2017%20of%202011_EN.pdf,
Timor-Leste,Banco Central de Timor-Leste (BCTL),Financial Information Unit (UIF) ,"Instruction No. 05/2017 (Customer Identification, Record-Keeping, and Transaction Report), as amended",2017.0,,-do-,-do-,-do-,-do-,-do-,-do-,-do-,-do-,-do-,-do-,-do-,-do-,-do-,-do-,https://www.bancocentral.tl/uploads/documentos/documento_1519113147_6225.pdf,https://www.bancocentral.tl/uploads/documentos/documento_1733186734_4977.pdf,
Timor-Leste,Banco Central de Timor-Leste (BCTL),Financial Information Unit (UIF) ,Instruction No. 01/2013 (Licensing and Supervision of Money Transfer Operators),2013.0,,-do-,-do-,-do-,-do-,-do-,-do-,-do-,-do-,-do-,-do-,-do-,-do-,-do-,-do-,https://www.bancocentral.tl/uploads/documentos/documento_1459177763_6326.pdf,https://www.bancocentral.tl/uploads/documentos/documento_1459177763_6326.pdf,
Viet Nam,State Bank of Viet Nam (SBV),Anti-Money Laundering Department of SBV,Law No. 14/2022/QH15 (AML) |,2022.0,"- Financial institutions
- Organizations and individuals engaged in related non-financial business lines
- Vietnamese organizations and individuals, foreign organizations, foreigners, and international organizations that have transactions with financial institutions or organizations and individuals engaged in related non-financial business lines
- Other organizations and individuals involved in anti-money laundering activities

- Financial institutions licensed to conduct one or more of the following activities: receiving deposits; lending; financial leasing; payment services; intermediary payment services; issuance of negotiable instruments, bank card, payment orders; bank guarantees and financial commitments; provision of foreign exchange services and monetary instruments on the money market; securities brokerage, securities investment advisory, securities underwriting; securities investment fund management, securities portfolio management; life insurance business; currency exchange

- Organizations and individuals engaged in related non-financial business lines are organizations and individuals that perform one or more of the following activities: provision of prize-winning games, inclyding prize-winning electronic games, games on telecommunications networks or the internet, casinos, lotteries, betting; real estate business, except for real estate leasing, subleasing and real estate consultancy services; trading in precious metals and precious stones; provision of accounting services, notarization services, legal services; provision of services for company establishment, management, and administration; provision of nominee director or company secretary services; provision of legal arrangement services","Risk-based approach: simplified CDD for low risk; standard CDD for medium risk; enhanced CDD for high risk

To be performed when:
- a customer first opens an account or establishes a relationship with the financial institution
- a customer conducts an occasional transaction with a value equal to or exceeding VND 400 million (or equivalent value in foreign currency); conducts an electronic funds transfer that lacks the required information;
- there is suspicion that the transaction or the parties involved in the transaction are related to money laundering
- there are doubts about the accuracy or completeness of previously collected customer identification information","- For individual customers (including representatives and beneficial owners): full name; date of birth; nationality; occupation and position; contact phone number; number of identity card or citizen identification card or personal identification number or passport number or travel document number, date of issue, place of issue; permanent residence address and current residence address; residential address abroad and visa number, as applicable (in case of foreigners)

- For organizational customers: full name and abbreviated name; head office address; number of establishment license or establishment decision or enterprise registration certificate or equivalent legal document; contact phone number; fax number, website (if any); business and operation sectors; information on founders, legal representatives, Director or General Director, Chief Accountant or person in charge of accounting (if any), including the required information for individuals; information on founders being organizations including name, enterprise registration number or decision on establishment, head office address

- Purpose and nature of the business relationship of the customer with the reporting entity","- For foreign PEPs, their immediate family members and close associates, including:
(i) Have a risk management system to identify customers, beneficial owners, beneficiaries, or beneficial owners of beneficiaries of the life insurance policy who are foreign PEPs.
(ii) senior management approval before establishing relationship
(iii) measures to determine the source of assets and source of funds; enhanced monitoring of the relationship

","- Collect sufficient information about the partner bank to understand fully the nature of its business and to determine its reputation and the quality of supervision by competent authorities
- Assess the partner bank’s internal controls on the prevention and combat of money laundering
- Clearly understand the respective responsibilities of each party in the correspondent banking relationship
- Ensure that the partner bank has performed customer due diligence in accordance with international standards and is able to provide relevant customer information upon request
- Obtain approval from Directors or General Directors or persons authorized by Directors or General Directors for the establishment of correspondent banking relationships
- Cease correspondent banking relationships with shell banks or partner banks that permit their accounts to be used by shell banks","- Allowed if the third party:
 (i) is a financial institution or an organization or individual conducting relevant non-financial business lines and professions that has a relationship with the customer, excluding agency or outsourcing relationships;
(ii) conducts customer due diligence in accordance with the provisions of the law or, in the case of a foreign entities, in accordance with the recommendations of FATF
(iii) stores and is ready to provide customer identification information and documents relating to customer due diligence promptly upon request of the reporting entity and ensures confidentiality of such information
(iv) is subject to supervision and inspection by competent authorities

-Where both the third party and its parent company are financial institutions, the reporting entity shall ensure that the third party satisfies the requirements specified in clause 1 of this Article, and the third party's parent company satisfies the requirements concerning identification of customers, politically exposed persons, storage of information, documents, records and reports as specified in Article 9, 17, 38 and 40 of the law or FATF’s relevant recommendations that are applicable to parent companies of financial institutions that are foreign entities, and need to be put to use, as well as monitored in the entire systems of these entities; shall apply risk mitigation policies to sectors at high risks of money laundering.

- Ultimate responsibility for the results of customer due diligence remains with the reporting entity","- Pay special attention to the following:
(i) transactions that are unusual or complex in nature
(ii) transactions with organizations or individuals in countries or territories appearing on the FATF's list or the warning list.","Customer identification information, transaction records, and results of analysis: five (5) years from the date the transaction is completed or the account-closing date or the report date

Reports submitted to competent authorities and related information: Five (5) years from the date the transaction occurs","- Report suspicious transactions to SBV within one (1) working day from the date on which the reporting entity detects the suspicious transaction, or within three (3) working days from the date the transaction occurs
- Prohibition against tipping off","Report within one (1) working day from the date the transaction occurs with respect to electronic reports; within two (2) working days with respect to physical reports:
- Domestic EFT transactions: VND 500 million or more (and foreign-currency equivalent)
- International EFT transactions: USD 1,000 (and foreign-currency equivalent)
- Should-be-reported large transactions: VND 400 million","Wire transfer transaction reports must at least contain the following information:
a) Information about ordering and beneficiary financial institutions, including transaction name of the institution or branch; head office address (or bank code for domestic wire transfers, SWIFT code for international wire transfers); country of receipt and remittance;
b) Information about individual customers participating in wire transfer transactions:  full name, date of birth; identity card number or citizen identity card number or personal identification number or passport number; entry visa number (if any); registered permanent residence address or other current address (if any); nationality (according to transaction documents);
c) Information about organizational customers participating in wire transfer transactions: full and abbreviated transaction name (if any); head office address; establishment license number or enterprise code or tax code; country of head office;
d) Information about the transaction: account number (if any); transaction amount; currency; amount converted into VND (if transaction currency is foreign currency); reason and purpose of the transaction; transaction date; transaction code or unique reference number if no account number is available; identifier of the originator sent by the ordering or intermediary financial institution to ensure traceability of the transaction;
dd) Other information as required by the Department of Anti-Money Laundering to serve AML state management in each period.","- Internal rules and regulations on prevention and combat of money laundering
- Internal audit in AML must include: independent and objective review, inspection, and evaluation of the internal control system, compliance with internal policies and legal provisions on AML; recommendations and proposals to improve the effectiveness and efficiency of AML activities. Internal audit in AML may be carried out independently or combined with other contents but must be a separate section in the audit report. In cases where reporting entities are not required to perform internal audit under the law, reporting entities must ensure compliance monitoring with internal policies and AML law.
- Annually send internal AML audit reports of reporting entities (except reporting entities not required to perform internal audit by law) within 60 days from the end of the fiscal year to the Department of Anti-Money Laundering for reporting entities in the monetary and banking sector; and to ministries or regulatory agencies in charge of respective sectors for other reporting entities. In cases where reporting entities are not required to perform annual internal audit by law, reporting entities shall send reports in accordance with this provision for the audited year.
- Appointment of an AML officer responsible for organizing and implementing activities for prevention and combat of money laundering
- Recruitment and training of personnel specializing in AML activities
- Information technology systems with capability to monitor transactions, detect unusual transactions, and support reporting requirements","- Annual assessment of money laundering risks in operations
- Reporting of the results of the money laundering risk assessment to SBV and relevant state management agencies within 45 days from the date of completion of the assessment, and dissemination of the same within the reporting entity for implementation
- Assessment and mitigation of money laundering risks that may arise in relation to the development of new products, new business practices, including new delivery mechanisms and the use of new or developing technologies for both new and pre-existing products","- Competent regulatory authorities shall, based on their range of functions and duties, conduct international cooperation regarding AML in: 
a) Identification and freezing of property or assets of money-laundering criminals;
b) Execution of mutual legal assistance requests;
c) Communication, provision and transfer of AML information with foreign competent authorities; 
d) Research, training, information support, technical assistance, financial aid and AML experience exchange;
dd) Other AML cooperation activities prescribed by law.

- Competent authorities of Vietnam may refuse to provide information or cooperate in cases where the request is inconsistent with the Constitution, laws of Vietnam, or international treaties to which the Socialist Republic of Vietnam is a contracting party, or where such provision may affect national security, sovereignty, or essential interests of Vietnam

- Party to the Vienna, Palermo and UNCAC conventions; member of APG","- Screening and filtering of customers according to blacklists, warning lists and lists of political influencers

- Postponement of transactions for a maximum of three (3) days when:
(i) there are any reasonable grounds to suspect that a transaction is on the Blacklist, or it is discovered that parties are related to a transaction on the Blacklist; 
(ii) there are grounds to believe that the requested transaction is related to criminal activity
(iii) requested by competent state authorities in accordance with relevant laws

- Immediate reporting of the transaction postponement measure to SBV and the competent state authority",https://thuvienphapluat.vn/van-ban/Tien-te-Ngan-hang/Luat-14-2022-QH15-Phong-chong-rua-tien-519327.aspx?dll=true,https://thuvienphapluat.vn/van-ban/Tien-te-Ngan-hang/Luat-14-2022-QH15-Phong-chong-rua-tien-519327.aspx?dll=true,
Viet Nam,State Bank of Viet Nam (SBV),Anti-Money Laundering Department of SBV,Decree No. 19/2023/ND-CP specifying implementation of several Articles of the Law on Anti-Money Laundering,2023.0,,,,,,,,,,,,,,,,https://thuvienphapluat.vn/van-ban/Tien-te-Ngan-hang/Nghi-dinh-19-2023-ND-CP-huong-dan-Luat-Phong-chong-rua-tien-564905.aspx?dll=true,https://thuvienphapluat.vn/van-ban/Tien-te-Ngan-hang/Nghi-dinh-19-2023-ND-CP-huong-dan-Luat-Phong-chong-rua-tien-564905.aspx?dll=true,
Viet Nam,State Bank of Viet Nam (SBV),Anti-Money Laundering Department of SBV,SBV Circular No. 27/2025/TT‑NHNN,2025.0,,"KYC processes and procedures shall be implemented on a risk-based approach, including the collection, updating, and verification of information in accordance with the law on anti-money laundering, the decentralization of responsibilities for KYC performance according to risk levels and in conformity with the scale, scope, and particular characteristics of operations of the reporting entity",,,-do-,-do-,-do-,-do-,-do-,-do-,-do-,-do-,-do-,-do-,-do-,https://english.luatvietnam.vn/circularno27-2025-tt-nhnndatedseptember152025ofthestatebankofvietnamguidingtheimplementationofanumberofarticlesoftheanti-mone-411736-doc1.html,https://english.luatvietnam.vn/circularno27-2025-tt-nhnndatedseptember152025ofthestatebankofvietnamguidingtheimplementationofanumberofarticlesoftheanti-mone-411736-doc1.html,
