Country,Regulator,Issuance,Year,Scope,Fair treatment & market conduct,Safeguarding of Funds,Transparency & disclosure,"Product design, suitability & distribution",Pricing & fees,Consumer data protection & privacy,Consumer redress & dispute resolution,Complaints Handling,Consumer education & awareness,Vulnerable & special consumer groups,Reporting requirements,Sanctions,Unnamed: 18,Source_Original,Source_EN,Amendment_Of
Brunei Darussalam,"Department of Consumer Affairs (DCA), Department of Economic Planning and Statistics (DEPS)","Consumer Protection (Fair Trading) Act, Chapter 261 (CPFTA)",2012.0,"Applies to suppliers or consumers residing in Brunei Darussalam, or consumer transactions that are made in or sent from Brunei Darussalam. This is applicable for business-to-consumer (B2C) transactions.","An unfair practice occurs when a supplier engages in conduct that deceives, misleads, makes false claims, or takes advantage of a consumer who cannot protect their own interests or cannot reasonably understand the nature or details of the transaction. A single act or omission may constitute an unfair practice, assessed based on the reasonableness of that person’s actions in the circumstances.",,Prohibits omission of material information that is likely to deceive or mislead consumers,,"Misrepresenting the price of goods or services, Misleading claims about “usual price,” discounts, or savings, False or deceptive statements about additional fees or charges are prohibited",,"Consumers may commence civil action against suppliers for unfair practices, provided that the amount of the claim does not exceed the prescribed limit, and such action is taken within two years from the date of the last material event or discovery of the unfair practice. The regulator may enter into Voluntary Compliance Agreements with suppliers to compensate consumers and cease unfair practices, and may apply to the court for declarations or injunctions to stop unfair practices.","DCA acts as the first point of contact for consumer complaints relating to unfair trade practices and handles such complaints administratively. For matters falling outside the scope of the CPFTA, consumers will be advised to refer their complaints to the relevant sector regulators.","DCA’s core functions include advocacy and outreach programmes, where it conducts consumer education and awareness initiatives such as outreach sessions and advisory posters.",Taking advantage of a consumer who cannot protect their own interests or cannot reasonably understand the nature or details of the transaction is considered an unfair practice,,"Courts may order civil remedies including restitution (return of money or property), damages (compensation for loss), specific performance and any other appropriate relief.",,https://www.agc.gov.bn/AGC%20Images/LAWS/ACT_PDF/C/CHAPTER%20261.pdf,https://www.agc.gov.bn/AGC%20Images/LAWS/ACT_PDF/C/CHAPTER%20261.pdf,
Brunei Darussalam,Brunei Darussalam Central Bank,Guidelines on Product Transparency and disclosure,2019.0,Banks,,,"-Banks are required to give customers accurate, relevant, and clear product information, covering key details such as features, benefits, risks, fees, charges, and contractual rights and obligations. They must also ensure customers receive timely and adequate information before and during the contract.
-During the contract period, banks should provide direct notifications (written or electronic).  They may use alternative disclosure methods such as press notices, account statements, posted notices in branches, or website announcements may be allowed if direct notifications are not feasible due to valid reasons.
-Banks must apply consistent transparency and disclosure standards across both traditional and internet‑based banking.",Banks are required to provide a product disclosure sheet that highlights essential information to support informed decision‑making and enable customers to compare different products.,"
Banks should disclose accurate and relevant product information regarding fees and charges that will or may be payable by the customer",,,,"
The guidelines promote customer’s awareness and understanding of products and services offered by banks",,,Not explicitly cited in guidelines,,https://cms.bdcb.gov.bn/storage/uploads/regulatories/17111192010120930.pdf,https://cms.bdcb.gov.bn/storage/uploads/regulatories/17111192010120930.pdf,
Brunei Darussalam,Brunei Darussalam Central Bank,Market Conduct Notice – Notice No. FCI/N2/2021/1,2021.0,Banks and financial institutions,"Banks and financial institutions must treat customers fairly, honestly, and professionally. They must also maintain adequate resources, controls, and procedures to protect customers’ interests — including preventing conflicts of interest, unethical conduct, and improper selling practices, and ensuring these policies are properly enforced.",,"-Banks and financial institutions shall take affirmative action to ensure that their customers have a reasonable and holistic understanding of products and services available.
-Banks and financial institutions or their representatives are required to disclose information on their products and services, in particular on any interest/profit, fees and charges and to make this information available at all relevant platforms and avenues, including at all premises, and on their website, if available.
-Banks and financial institutions are required to deal in good faith and shall not make statements that are untrue, or omit vital information which may lead to a statement becoming false or misleading. Banks and financial institutions shall also present a balanced view when selling a product or service.","
Banks and financial institutions must collect enough customer information to offer suitable products or services, and when applicable, assess the customer’s financial capacity, situation, requirements, and risk profile before providing any product, service, or advice.","Banks and financial institutions shall have complete and concise terms and conditions, that include all chargeable interest/profit, fees, charges","
Banks and financial institutions must have a written privacy policy with proper controls to protect customers’ personal data, keep these policies updated, and clearly inform customers about what data is collected, how it is used, and how it is stored. Customers must be given the choice to consent or refuse, be told the implications of refusal, and institutions must limit data collection to what is necessary and retain it only as needed or legally required.",,,,,,Not explicitly cited in notices,,https://cms.bdcb.gov.bn/storage/uploads/regulatories/17111191990032740.pdf,https://cms.bdcb.gov.bn/storage/uploads/regulatories/17111191990032740.pdf,
Brunei Darussalam,Brunei Darussalam Central Bank,Notice for The Establishment of a Complaints Handling Function Within Financial Institutions (Notice No. FCI/N1/2021/1),2021.0,Banks and financial institutions,,,,,,,"Banks and financial institutions shall inform complainants of their right to escalate their complaint to the Authority, if:
a) The bank or financial institution is unable to resolve the complaint within 90 business days after the date of receipt of the complaint; and/or
b) The complainant is dissatisfied with the final response provided by the bank or financial institution.
The Authority may direct the complaint to the Brunei Darussalam Arbitration Centre for mediation, if necessary or applicable","-Banks and financial institutions shall establish a complaints handling function that will provide its customers with accessible, affordable, independent, fair, accountable, timely and efficient means for resolving complaints with regard to their financial transactions, and/or the banks’ and financial institutions’ practices and services.
-The complaints handling function shall be the first stop for customers to lodge complaints
-A separate unit must be established, or a complaints handling officer appointed.
-Complaints must be handled independently from the business unit involved.
-Staff must be trained in consumer protection, financial products/services, procedures, data protection, mediation, negotiation
-Banks must provide free, easy, and efficient complaint channels (letter, phone, in person, and optional electronic means).
-Institutions must ensure customers are aware of their right to complain, with info displayed physically (posters, leaflets) and digitally (website, mobile app, social media).
-Banks must acknowledge the receipt within 3 business days. Banks must communicate assessment results within 14 business days.
-Send to the complainant with final response within 30 business days after the date of receipt of the complaint
-The bank must explain by Day 30 why they need more time and inform the complainant of their right to escalate.",,,"
Banks and financial institutions must prepare periodic complaints reports including:
- types & reasons for complaints
- number of complaints
- which branches/products generated complaints
- cases outstanding >30 or >90 business days
- remedial actions including compensation
- analysis of root causes

Reports must be submitted:
-twice yearly (half‑yearly)
-signed by the COO
-submitted within 30 days after 30 June and 31 December",Not explicitly cited in notices,,https://cms.bdcb.gov.bn/storage/uploads/regulatories/17111191986835040.pdf,https://cms.bdcb.gov.bn/storage/uploads/regulatories/17111191986835040.pdf,
Brunei Darussalam,Brunei Darussalam Central Bank,Guidelines on Technology Risk Management(TRS/G-2/2022/1),2022.0,Banks and financial institutions,,,"FIs must inform customers on changes to the privacy policy, data structure",,,data protection or privacy policy should be established or included in terms and conditions and made available to consumers,,FI should determine appropriate channel and establishe process for customers to report issues,"-FIs should provide education and awareness to customers to protect their user account
-FIs should provide adequate security awareness to their customers on how to securely conduct online and electronic transactions
-Written instructions and guidelines on the use of the FI's system and digital financial services should be provided
-Customer security awareness program should also be updated and disseminated regularly",,,,,https://cms.bdcb.gov.bn/storage/uploads/regulatories/17111192888872080.pdf,https://cms.bdcb.gov.bn/storage/uploads/regulatories/17111192888872080.pdf,
Brunei Darussalam,Brunei Darussalam Central Bank,Notice on Requirements for Payment Systems (Notice No. PSO/N‑1/2020/1 – Amendment No. 2),2020.0,Payments system operators/participants and payment instruments,,"
-Cap on e‑money balance per customer: the currency equivalent of the e‑money contained in a personal payment account issued by the Operator to a customer does not exceed B$2,000  (US$1560) (or its equivalent in a foreign currency)
- Cap on annual outflows:  the total currency equivalent of the e‑money transferred in any one‑year period does not exceed B$30,000  (US$23,400) (or its equivalent in a foreign currency)

Where a customer holds multiple personal payment accounts:
- the total currency equivalent of the e‑money contained in all personal payment accounts issued to that customer does not exceed B$2,000 (US$1560)
- the annual outward transfer cap across all accounts must not exceed B$30,000.(US$23,400)",,,,,,,,,"The auditor must immediately report the following matters to the authority:
- losses have been incurred that reduce the capital of the Operator by at least 50%;
-irregularity that has or may have a material effect on the accounts of the Operator, including any irregularity that had caused a major disruption to the provision of any type of service to the customers of the Operator",Not explicitly cited in notices,,https://www.bdcb.gov.bn/docs/consumer-issues/alert-list/Notice-on-Requirements-for-Payment-Systems-Amendment.pdf,https://www.bdcb.gov.bn/docs/consumer-issues/alert-list/Notice-on-Requirements-for-Payment-Systems-Amendment.pdf,
Cambodia,National Committee on Consumer Protection (NCCP),Law on Consumer Protection,2019.0,"Business and protects consumers against deceptive, misleading, or fraudulent business practices","
Businesses must avoid unfair practices, including misleading advertisements, false product claims, and any deceptive commercial conduct.",,"
Businesses shall disclose a minimum of information to consumer w/ the information standard to be determined by a prakas","- Businesses shall not engage in any unfair act which is misleading or deceptive to the public concerning the type, standard, characteristics, suitability, size, or quality of services
- Businesses must disclose information on the type, classification, quantity, origin, usage function, maintenance, composition, design, installation, usage, instruction, cost, packaging, promotion or supply, dates of manufacture and expiration, product information ","Disclose information related to the kind, grade, safety, quantity, origin, function of use, maintenance, composition, design, assembly, usage, price…",,"-The National Consumer Protection Committee may make the settlement by negotiating with any person, except for criminal cases and repeated violation, The resolution procedures shall be determined by Prakas of the Minister of Commerce. 
-Any relevant person may ask the committee to review, correct or revoke the decision within 15 days at the latest from the date of receipt of notification of the decision
-Consumers not satisfied with the decision of the Committee may file a complaint to the competent court within 30 days at the latest from receipt of notification of decision","
National Consumer Protection Committee can receive complaints and conduct investigations. The committee can issue decisions/administrative procedures","Consumer have righit to receive information and education for balancing the difference between the goods or services, and to be protected against fraud and misrepresentation by advertisements; ",,,"Sanctions include written warning, suspension, revocation or cancellation of certificate of commercial registration or license, obstruction penalty, fine and imprisonment",,https://data.opendevelopmentcambodia.net/laws_record/law-on-consumer-protection/resource/b8408190-9b84-4d06-ac64-18acfecdbe43,https://data.opendevelopmentcambodia.net/laws_record/law-on-consumer-protection/resource/b8408190-9b84-4d06-ac64-18acfecdbe43,
Cambodia,Ministry of Commerce,Law on Electronic Commerce,2019.0,All persons and entities engaged in electronic transactions,"-All person shall not use the identity, record, electronic signature, electronic address, secret code, or feature of other persons in bad faith or without permission in a commercial or noncommercial transaction via electronic system
-Any person shall not create an electronic system for the purpose of counterfeiting or causing a confusion in order to take advantage, or in the purpose of attracting to have a usage or an operation, and lead to have an injury/damage to the person who used it or to the third party.",,"A person using electronic communications to sell goods or services to consumer shall provide accurate, clear and intelligible information and must have at least the following information:
- Name or legal name of the person, the registered business address and an electronic means for contact or a telephone number;
- Terms, conditions and costs of goods or services associated with a commercial transaction, particularly the terms and conditions, and methods of payment, and details related to withdrawal or cancellation of the purchase order, termination, return and exchange of goods, and refund
- Actual goods and services offered for sale.",,,"Any person that holds personal information in electronic form shall use all means to ensure that the information is protected by such security safeguards as it is reasonable in every circumstances to avoid the loss, access, use, modification, leak or disclosure of those information, except with the permission of the owner of the information or any other party authorized by law.","- Those who are not satisfied with the written warning, cease of business activities or business transaction, suspension, revocation or cancellation of the authorization or license and a fine by the Ministry of Commerce and the Ministry of Posts and Telecommunications shall be entitled to lodge their complaint with the Minister of Commerce and the Minister of Posts and Telecommunications
-The Minister of Commerce and the Minister of Posts and Telecommunications shall make decision within 30 (thirty) days at the latest.
- Any person who are not satisfied with the decision of the Minister of Commerce and the Minister of Posts and Telecommunications shall have the rights to lodge their complaint to the competent court of the Kingdom of Cambodia within 30 (thirty) days at the latest from the date of receipt of the notification of the decision","-Customers shall notify the payment service providers of any unauthorized, mistaken or wrongful transaction of their own account.
-Customers shall notify the payment service providers or the establishment authorized by the payment service providers of any loss or theft of electronic transfer instrument or electronic fund transfer method or theft of data, which can be used with the payment instrument. Such notification shall be made in writing or by any electronic means which is acceptable to the payment service providers, and shall notify as soon as possible not exceeding 2 (two) days after the theft or loss of electronic transfer instrument is discovered.",,"On the burden of proving authenticity of electronic evidence: In the case where there is any provisions which protects the vulnerable persons, including consumers and children, and which establishes the burden of introducing evidence that provides more benefits to those individuals than this law does, the provisions shall prevail over this Article. ",,"Administrative and criminal sanctions, including written warning, cease of business activities or business
transactions, suspension, revocation or cancellation of the authorization or license, penalty,
imprisonment",,https://data.opendevelopmentcambodia.net/en/laws_record/law-on-e-commerce,https://data.opendevelopmentcambodia.net/en/laws_record/law-on-e-commerce,
Cambodia,National Bank of Cambodia (NBC),Prakas on Resolution of Consumer Complaints,2017.0,Banking and Financial Institutions under National Bank of Cambodia's supervisory authority ,Right and benefit of consumer using institution's product and service through proper and effective complaint resolution.,,"Institution shall publicly and disclose the document on the: 
- Complaint management process easy to understand, clear time frame for resolving complaints at retail location of providing products and services.
- Information leaflet ",Consumer complaint resolution guideline,,Keepping consumer complaint information confidential,"Institution shall establish a consumer complaint management Framework (CCMF) and complaint Management Unit that included: 
- Senior consumer relation officer 
- Writtten policies and procedures that are clear, complet and accessibole for the institutiion's staffs
- Policies and Procedure
- centralizing the monitoring and supervision of CCMF
- Regular report to the senior managment on the complaint management 
- clear role and responsible ","- Institution shall establish Complaint Management Unit. 
- complaint lodged verbally shall be resolved within 2 (two) working days. If a complaint loadged verbally cannot be resovled bu the institution with this timeframe, the Institution shall request the consimer and/or Representative to lodge the complaint in writing. Writing complaint consist guiden and preceudure stated in the prakas.","Institution shall publicly discolose the document on the :
- Complaint management process on its website, information leaflects…etc",,Inistitution require regular report to the senior management and keeping the record of consumer complaint for three years.,"Any institution failing to comply with this Prakas, shall be penailzed according to articial 52 of the Law on Banking and Fianancial Institutions. ",,https://www.nbc.gov.kh/download_files/legislation/prakas_eng/Prakas_on_Resolution_of_Consumer_Complaints_ENG.pdf,https://www.nbc.gov.kh/download_files/legislation/prakas_eng/Prakas_on_Resolution_of_Consumer_Complaints_ENG.pdf,
Cambodia,National Bank of Cambodia (NBC),Prakas on Management of Payment Service Providers,2017.0,"Payment Service Providers (PSPs), Banks and Financial Insitutions regulated by the NBC","Payment service institutions to operate fairly, promote competition, and maintain public confidence in payment services.","-Funds shall be deposited in a separate account in a commercial bank as Trust Account or invested in secure, liquid low risk assets as defined by the NBC
-In the event that the payment service institution is unable to meet its financial obligations or  in  the  event  of  insolvency,  the  fund  shall  be  freezed  for  resettlement  to  the  payment  service user
-Commercial bank who held the funds shall be responsible for monitoring and reconciling the  balance  of  trust  account  with  the  funds  received  from  payment  service  user  for  execution of payment transaction, and issuance of electronic money. ","-Payment service institution shall provide important information in advance to users regarding service charge to the sender and receiver, exchange rate used, other related fees 
-The  information  and  conditions  specified  above  shall  be  given  in  easily  understandable  words and in a clear and comprehensible form,
- Payment service institution shall notify a customer in writing at least [twenty-one days] prior  to  the  effective  date  of  any  material  change  in  any  term  or  condition  of  the  customer’s account required to be disclosed, unless such change is immediately necessary to maintain or restore the security of a payment system or a customer’s account. ",Licensing requirement shall be obtained from the NBC prior to providing payment services,"Payment service institution shall provide important information in advance to users regarding service charge to the sender and receiver, exchange rate used, other related fees","Providers applying for a license on payment services must provide a description of the process in place to file, monitor, track and restrict access to sensitive payment data","Payment service providers/banks/financial institutions must establish dispute resolution framework and disclose to payment user in order for them
seeking immediate response in the event of dispute",Providers applying for license must also provide description of the procedure in place to handle and follow up customer complaints,,,"
'-Providers applying for license must also provide description of the procedure in place to handle incidents reporting mechanisms
- Monthly report for offsite and onsite examination.
-Payment service institution shall maintain all appropriate records for at least 5 (five) years or logs.
All records maintained by payment service institution shall disclose for supervision by the NBC","Enforcement measures including fines, suspension, and revocation of licenses for non-compliance.",,https://www.nbc.gov.kh/download_files/legislation/prakas_kh/Prakas_NBC14_017_161_Payment-Service-Provider_Khmer.pdf,https://www.nbc.gov.kh/download_files/legislation/prakas_kh/Prakas_NBC14_017_161_Payment-Service-Provider_Khmer.pdf,
Indonesia,National Agency for Consumer Protection (Badan Perlindungan Konsumen Nasional – BPKN),Law No. 8 of 1999 on Consumer Protection (Law No.8),1999.0,"Consumers and entrepreneurs (defined as “an individual person or a company, in the form of a legal or non‑legal entity established and domiciled or engaged in activities within the legal territory of the Republic of Indonesia, conducting various kinds of business activities in the economic sector through contracts, both individually and collectively.)","Business actors must treat or serve consumers properly, honestly, and non‑discriminatorily.",,"Entrepreneurs are prohibited from misleadingly offering, promoting
advertising certain goods and/or cervices if:
- the goods are not in good and/or new condition;
- the goods and/or services have obtained and/or had a sponsor, approval, certain features, certain advantages, certain workingcharacteristics or accession;
- using exaggerated words, such as safe, not harmful, not risky, no side effect without complete information,
-offering something containing unsecured promise.","-Businesses must provide correct, clear, and honest information regarding the condition and guarantee of the goods and/or services, as well as provide explanations regarding use, repair, and maintenance.
-Business actors must guarantee the quality of the goods and/or services produced and/or traded in accordance with applicable quality standards.
-Business actors are prohibited from producing and/or trading goods and/or services that do not meet the required standards as specified by laws and regulations, or that do not correspond to the promised conditions, quality, or claims.",Businesses are prohibited from making incorrect or misleading statements regarding the price or tariff of a good and/or service;,,"-Business actors are responsible for providing compensation, reimbursement, or replacement for damage, contamination, and/or consumer losses caused by the consumption of the goods and/or services produced or traded.
-Compensation may take the form of a refund, replacement with goods and/or services of equivalent value, health‑care services, or appropriate compensation.
-Business actors who refuse and/or fail to respond to or fail to fulfill compensation… may be sued through the consumer dispute settlement body or through the court at the consumer’s domicile.
-Compensation must be provided within 7 (seven) days of the transaction date.""",Consumers have the right to be heard regarding their opinions and complaints on goods and/or services used.,Among the rights of consumers include obtaining consumer education and awareness,,," Administrative sanction:
- administrative sanction can be imposed  to the entrepreneurs who violate entrepreneur's obligation
-The administrative sanction shall be determined in maximum
amount of Rp. 200, 000,000 (two hundred million rupiah).

Criminal charges:
Criminal charges can be filed against the entrepreneurs and/or theiradministrators.

Apart from the criminal penalty, additional penalties can also be imposed in the form of:
a. confiscation of certain goods;
b. announcement of judge’s decision;
c. payment for damages;
d. injunction to stop certain activities that cause damages to the consumers;
e. the obligation to pull out goods from circulation; or
f. revocation of business permit",,https://www.peraturan.go.id/files/uu8-1999.pdf,https://www.aseanconsumer.org/file/pdf_file/04%20Law-No.-8-Concerning-Consumer-Protection.pdf,
Indonesia,Bank Indonesia,BI Regulation No. 3/2023 – BI’s Consumer Protection (Amendment),2023.0,"Payment System Providers, Money Service Providers, Parties operating in the Money Market and Foreign Exchange Market; and Other parties regulated and supervised by Bank Indonesia that interact directly with consumers.","Providers are required to have mechanisms and procedures for equal access to each Consumer and treat Consumers properly in accordance with the provisions of laws and regulations ""","Providers are required to have mechanisms and procedures
for the protection of Consumers’ assets, including maintaining the security of Consumers’ assets against misuse, including:
a. deception, leakage of information, and banking crimes (fraud);
b. scam; and
c. abuse and embezzlement of other assets (misuse)""","Providers are required to provide information to Consumers regarding:
a. product and/or service features in the form of costs, benefits, risks, terms and conditions, mechanisms for using products and/or services, and consequences
b. rejection, postponement, or approval of product and/or service requests.
The information is required to be provided in a clear, accurate, honest, easily accessible, and not misleading manner, be easy-to-understand Indonesian; and be easy-to-read writing for information provided in writing",,,"- Providers are required to provide Consumers with access to and copies of Consumer personal data in accordance with the provisions of laws and regulations on personal data protection; Providers are required to ensure that consumers have the right to may terminate, delete, and/or destroy consumer personal data in accordance with the provisions of laws and regulations on personal data protection
-The Provider is prohibited from providing Consumer data and/or information to other parties without the Consumer's consent.","-If the Consumer does not agree with the handling and resolution results carried out by the Provider, the Consumer may submit a complaint to a dispute resolution agency or institution or to Bank Indonesia.
-Complaints that Consumers may submit to Bank Indonesia fall within the scope of Consumer Protection.
- Complaints submitted to Bank Indonesia may include consumer misunderstanding, indications of violations of Bank Indonesia Regulations by the Provider, or
financial losses and/or potential financial losses that are reasonable and directly impact the Consumer.
- Complaints must be submitted to Bank Indonesia within 60 (sixty) business days from the date the Provider submits the written complaint resolution to the Consumer.
-If a Consumer rejects the Organizer's complaint resolution, the Organizer must provide the Consumer with information regarding dispute resolution options, which can be pursued through the courts or out-of-court.
- Dispute resolution outside of court is conducted through an alternative financial dispute resolution institution.
The Organizer must follow the dispute resolution method chosen by the Consumer or as previously agreed upon between the Organizer and the Consumer.
Consumers may submit complaints to Bank Indonesia directly and/or indirectly.
Bank Indonesia handles consumer complaints in the following ways: Education, Consultation, and facilitation.","-Providers are required to have a function that handles and resolves complaints filed by Consumers.
-In handling and settling complaints filed by Consumers, other parties regulated and supervised by Bank Indonesia are required to work withmProviders to settle Consumer complaints;
-The mechanism for the handling and settlement of complaints is required to be
stated in written form which shall include:
a. receipt of complaints;
b. handling and settlement of complaints; and
c. monitoring of handling and settlement of complaints.
- Employees appointed to carry out the complaint handling and resolution function must have at least:
knowledge of the types of products and/or services provided or issued by the Service Provider; competence in the field of handling and resolving Consumer complaints; and the authority to make decisions regarding the handling and resolution of complaints.","The Provider is required to conduct education to improve Consumer and/or public literacy in a planned, measurable, and sustainable manner.","Providers are required to have mechanisms and procedures
for the special services of consumers with special needs","-Reports related to Consumer Protection ll include:
a. report on education implementation plan
-Reports on education implementation plans must be submitted annually to Bank Indonesia no later than November 30th before the year of the education implementation.
Reports on education implementation must be submitted annually to Bank Indonesia no later than February 28th after the year of the education implementation.
b. report on the implementation of education
c. report on the handling and settlement of Consumer complaints
-Reports on handling and resolving consumer complaints must be submitted quarterly to Bank Indonesia with deadlines of April 10th, July, October, and January.
Other reports related to Consumer Protection are submitted upon request by Bank Indonesia. Reports requested by Bank Indonesia include data, information, reports on issues, or other technical aspects related to Consumer Protection.
d. other reports related to Consumer Protection.
-Mechanisms for the submission of reports shall be conducted through:
a. submission of reports to Bank Indonesia which may be conducted online through the Bank Indonesia system and/or offline periodically or incidentally; and/or
b. other mechanisms as determined by Bank Indonesia.
-The submission of periodic reports online and the imposition of sanctions shall be conducted in accordance with the provisions of Bank Indonesia Regulation on periodic reporting.","Providers that fail to fulfill the obligations  shall be subject to administrative
sanction in the form of:
a. written warning;
b. partial or full restrictions on products and/or services and/or business activities
c. partial or full suspension of products and/or services and/or business activities
d. dismissal of management
e. penalty
f. revocation of licenses for products and/or services; and/or
g. revocation of business licenses.",,https://www.bi.go.id/en/publikasi/peraturan/Documents/PBI_032023_EN.pdf,https://www.bi.go.id/en/publikasi/peraturan/Documents/PBI_032023_EN.pdf,
Indonesia,Bank Indonesia,Board of Governors Member Regulation No. 20 of 2023 — Procedures for BI Consumer Protection Implementation (PADG 20/2023),2023.0,"Payment System Providers, Money Service Providers, Parties operating in the Money Market and Foreign Exchange Market; and Other parties regulated and supervised by Bank Indonesia that interact directly with consumers.","Providers are required to have mechanisms and procedures for equal access to each Consumer and treat Consumers properly in accordance with the provisions of laws and regulations ""","Providers are required to have mechanisms and procedures
for the protection of Consumers’ assets, including maintaining the security of Consumers’ assets against misuse, including:
a. deception, leakage of information, and banking crimes (fraud);
b. scam; and
c. abuse and embezzlement of other assets (misuse)""","Providers are required to provide information to Consumers regarding:
a. product and/or service features in the form of costs, benefits, risks, terms and conditions, mechanisms for using products and/or services, and consequences
b. rejection, postponement, or approval of product and/or service requests.
The information is required to be provided in a clear, accurate, honest, easily accessible, and not misleading manner, be easy-to-understand Indonesian; and be easy-to-read writing for information provided in writing",,,"- Providers are required to provide Consumers with access to and copies of Consumer personal data in accordance with the provisions of laws and regulations on personal data protection; Providers are required to ensure that consumers have the right to may terminate, delete, and/or destroy consumer personal data in accordance with the provisions of laws and regulations on personal data protection
-The Provider is prohibited from providing Consumer data and/or information to other parties without the Consumer's consent.","-If the Consumer does not agree with the handling and resolution results carried out by the Provider, the Consumer may submit a complaint to a dispute resolution agency or institution or to Bank Indonesia.
-Complaints that Consumers may submit to Bank Indonesia fall within the scope of Consumer Protection.
- Complaints submitted to Bank Indonesia may include consumer misunderstanding, indications of violations of Bank Indonesia Regulations by the Provider, or
financial losses and/or potential financial losses that are reasonable and directly impact the Consumer.
- Complaints must be submitted to Bank Indonesia within 60 (sixty) business days from the date the Provider submits the written complaint resolution to the Consumer.
-If a Consumer rejects the Organizer's complaint resolution, the Organizer must provide the Consumer with information regarding dispute resolution options, which can be pursued through the courts or out-of-court.
- Dispute resolution outside of court is conducted through an alternative financial dispute resolution institution.
The Organizer must follow the dispute resolution method chosen by the Consumer or as previously agreed upon between the Organizer and the Consumer.
Consumers may submit complaints to Bank Indonesia directly and/or indirectly.
Bank Indonesia handles consumer complaints in the following ways: Education, Consultation, and facilitation.","-Providers are required to have a function that handles and resolves complaints filed by Consumers.
-In handling and settling complaints filed by Consumers, other parties regulated and supervised by Bank Indonesia are required to work withmProviders to settle Consumer complaints;
-The mechanism for the handling and settlement of complaints is required to be
stated in written form which shall include:
a. receipt of complaints;
b. handling and settlement of complaints; and
c. monitoring of handling and settlement of complaints.
- Employees appointed to carry out the complaint handling and resolution function must have at least:
knowledge of the types of products and/or services provided or issued by the Service Provider; competence in the field of handling and resolving Consumer complaints; and the authority to make decisions regarding the handling and resolution of complaints.","The Provider is required to conduct education to improve Consumer and/or public literacy in a planned, measurable, and sustainable manner.","Providers are required to have mechanisms and procedures
for the special services of consumers with special needs","-Reports related to Consumer Protection ll include:
a. report on education implementation plan
-Reports on education implementation plans must be submitted annually to Bank Indonesia no later than November 30th before the year of the education implementation.
Reports on education implementation must be submitted annually to Bank Indonesia no later than February 28th after the year of the education implementation.
b. report on the implementation of education
c. report on the handling and settlement of Consumer complaints
-Reports on handling and resolving consumer complaints must be submitted quarterly to Bank Indonesia with deadlines of April 10th, July, October, and January.
Other reports related to Consumer Protection are submitted upon request by Bank Indonesia. Reports requested by Bank Indonesia include data, information, reports on issues, or other technical aspects related to Consumer Protection.
d. other reports related to Consumer Protection.
-Mechanisms for the submission of reports shall be conducted through:
a. submission of reports to Bank Indonesia which may be conducted online through the Bank Indonesia system and/or offline periodically or incidentally; and/or
b. other mechanisms as determined by Bank Indonesia.
-The submission of periodic reports online and the imposition of sanctions shall be conducted in accordance with the provisions of Bank Indonesia Regulation on periodic reporting.","Providers that fail to fulfill the obligations  shall be subject to administrative
sanction in the form of:
a. written warning;
b. partial or full restrictions on products and/or services and/or business activities
c. partial or full suspension of products and/or services and/or business activities
d. dismissal of management
e. penalty
f. revocation of licenses for products and/or services; and/or
g. revocation of business licenses.",,https://www.bi.go.id/id/publikasi/peraturan/Pages/PADG_202023.aspx,https://www.bi.go.id/id/publikasi/peraturan/Pages/PADG_202023.aspx,
Indonesia,Bank Indonesia,BI Regulation No. 23/6/PBI/2021 — Payment Service Providers (PJP),2021.0,Payment Service Providers (PSPs),,,,,"Bank Indonesia determines the pricing scheme policy in the implementation of payment system and should take into account the following:
- encouraging the expansion of acceptance, services, and innovation;
- increasing efficiency and competition; and/or
- paying attention to the interests of the public and industry players in a balanced manner.

The pricing scheme policy includes:
- pricing scheme from PSP to Service Users;
- pricing scheme from PSP to Providers of Goods and/or Services;
- pricing scheme between PSP, Payment system infrastructure operators, and/or other related parties;  and
- other pricing schemes determined by Bank Indonesia.
- Details of the pricing scheme are determined through a decision of the members of the Board of Governors of Bank Indonesia.
- Bank Indonesia may conduct an evaluation of the determination of the pricing scheme policy as referred to in paragraph (1).
- PSP must comply with the principles of price transparency and healthy business competition in determining the pricing scheme in the implementation of the Payment System.

In the implementation of electronic money, the PSP that organizes the activity of administering the Source of Funds in the form of issuing electronic money may charge fees that include:
- the cost of purchasing electronic money instrument media for first-time use or replacing damaged or lost electronic money instrument media
-top-up fees;
- cash withdrawal fees made through other parties or other party channels (off us);
- transaction fees for fund transfers between users on electronic money instruments from the PSP that organizes the activity of administering the Source of Funds in the form of issuing different electronic money; and/or other fees stipulated by Bank Indonesia.",,,,,,,,,https://peraturan.go.id/files/pbi6-2021bt.pdf,https://peraturan.go.id/files/pbi6-2021bt.pdf,
Indonesia,Bank Indonesia,BI Regulation No. 10/2025 on Regulation of the Payment System Industry (PBI PISP),2025.0,"Payment System Service Providers (PSP), including:
- Penyedia Jasa Pembayaran (PJP) [Payment Service Providers] — Bundles 1A, 1B, 2, 3
- Penyelenggara Infrastruktur Sistem Pembayaran (PIP) [Payment Infrastructure Providers]
- Supporting Service Providers (Penyelenggara Penunjang)
- Participants of BI-operated payment infrastructure","The market conduct of Payment System industry participants in implementing Bank Indonesia’s consumer protection principles is carried out by PSPs in the following activities:
a. designing, providing, and communicating information;
b. offering, drafting agreements, and providing services related to the use of products and/or services; and
c. handling complaints and resolving disputes.

PSPs are prohibited from engaging in:
a. unfair sales, marketing, and pricing practices;
b. actions that are detrimental and/or inconsistent with their intended purpose; and
c. activities prohibited by laws and regulations regarding consumer protection.

The implementation of market conduct for Payment System Participants (PSPs) is carried out with due regard to the Payment System activities conducted by the PSP.","The regulations enforce the safeguarding of funds:
a. Float Funds: For e-money issuers, the funds deposited by consumers are classified as ""Float Funds"" (Dana Float). The regulation explicitly states that these funds are not the assets or wealth of the PSP. Instead, they remain the absolute property of the consumers, which the PSP merely holds in trust and manages on their behalf (Article 22-23 PADG PISP)
.
b. Strict Segregation and Restricted Use: To prevent the misuse of consumer money, PSPs must enforce strict segregation of funds. Float funds must be officially recorded as immediate liabilities. They must be placed in bank accounts that are completely separate from the PSP’s own operational accounts (Article 23 PADG PISP)
These funds can only be used to fulfill the PSP's obligations to the users and merchants. It is strictly prohibited for the PSP to use these consumer funds for its own business interests, operations, or any other purposes (Article 24 PADG PISP)

3. Mandatory Placement: To ensure consumer funds are protected from financial risks, the regulation dictates exact placement ratios for float funds: At least 30% must be placed in cash or checking accounts (giro) at top-tier banks, specifically those in the KBMI 4 category or banks with a core capital of at least Rp30 trillion. At most 70% can be placed in highly secure and liquid instruments, specifically securities issued by the Indonesian Government or Bank Indonesia, or deposited directly into Bank Indonesia accounts. The PSP is explicitly required to guarantee these funds against any liquidity, credit, legal, market, or operational risks.(Article 23 PADG PISP)
.","The regulations enforce transparency and disclosure through several strict mandates:
1. To ensure consumers are fully informed before making commitments, PSPs are legally required to meet minimum contractual standards with their users. These minimum standards must explicitly include the transparency of the product or service. This ensures that consumers understand the exact nature, benefits, and limitations of the services they are utilizing. (Article 110 PBI PISP)
2. Pricing Transparency is heavily regulated to protect consumers from hidden costs. The regulations mandate that PSPs, Participants, and Supporting Providers strictly fulfill the principle of price transparency when implementing their pricing schemes for any payment system services (Article 49 PBI PISP)
3. The regulations dictate specific disclosure requirements depending on the type of payment product offered: Electronic Money (E-money): Providers must proactively inform users about the expiration of their e-money media (such as cards or chips). Furthermore, they must clearly disclose the mechanisms available for the settlement or refund of any unused e-money balances (Article 20 PADG PISP)

","Payment Service Providers (PSPs) must design products responsibly, strictly prohibiting harmful or inappropriate features, while integrating robust security like two-factor authentication (Article 135 PBI PISP, Article 27 PADG PISP)

For suitability, products must align with consumers' financial profiles, enforcing strict age, income, and credit limits to prevent over-indebtedness, alongside strict e-money balance cap (Article 174 PADG PISP)

During distribution, PSPs must ensure adequate transaction infrastructure and bear full accountability for third-party channels, such as digital agents. PSPs must conduct strict due diligence to ensure partners maintain fair market conduct (Article 137 PBI PISP)","PSP must strictly adhere to the principle of price transparency when implementing their pricing schemes (Article 49 PADG PISP). 
The regulations are also explicitly prohibit unfair pricing practices (Article 135 PBI PISP) Furthermore, PSPs must ensure that their cooperating merchants do not exploit consumers by imposing unauthorized surcharges (Article 137 PBI PISP).","PSP are legally mandated to implement robust data protection mechanisms and ensure transaction confidentiality (Article 169 PADG PISP). PSPs must strictly limit the collection, request, and use of consumer data only to what is necessary for providing payment services (Article 171 PADG PISP). Furthermore, any cooperation with third parties, such as merchants, requires binding agreements to maintain the confidentiality of user data (Article 139 PADG PISP)t.","Payment Service Providers (PSPs) are legally mandated to apply fair market conduct behavior specifically during the handling of complaints and the resolution of disputes (Article 135 PISP). Operationally, as part of their mandatory risk management frameworks, PSPs must have dedicated and reliable mechanisms for customer complaint handling and dispute resolution (Article 68 PADG PISP). Furthermore, to guarantee proper consumer redress, PSPs must maintain clear procedures to promptly refund canceled transactions directly to the consumer's original source of funds (Article 178 PADG PISP).","Payment System Providers (PSPs) are legally mandated to apply fair market conduct behavior specifically during the handling of complaints and the resolution of disputes. Operationally, as part of their mandatory Risk Management frameworks under the TIKMI criteria, PSPs must establish dedicated and reliable mechanisms for customer complaint handling, including dispute resolution, before obtaining their operating licenses or launching new activities. (Article 68 PADG PISP)","PSP must actively elevate public understanding, ensuring users are well-informed about product features, financial risks, and security measures.
Crucially, this educational mandate extends to the PSP's broader ecosystem. PSPs are legally obligated to provide continuous education and fostering to their third-party partners, such as merchants, to ensure fair market practices are maintained (Article 143 PADG PISP) ","There are no explicit provisions specifically defining or addressing ""vulnerable and special consumer groups"" Instead, BI mandates a universal consumer protection centered on the core principle of ""equality and fair treatment"" for all users (Article 136 PBI PISP)","PSP are subject to strict reporting requirements designed to ensure consumer protection and maintain system integrity. PSPs must systematically submit comprehensive data and information regarding their payment system operations to Bank Indonesia. Operational reports must explicitly include data on consumer complaints, fraud occurrences, and cyber incidents (Article 204 PADG PISP)","PSPs that fail to comply with obligations under PBI 10/2025 are subject to administrative sanctions, which may include:
a. Written warning;
b. Partial or full restrictions on activities, products, and/or services;
c. Partial or full suspension of activities, products, and/or services;
d. Dismissal of management;
e. Administrative fine (denda);
f. Revocation of product/service licence; and/or
g. Revocation of business licence (licence/designation).

BI may also require remedial actions, impose increased supervisory intensity, or escalate enforcement where systemic or repeated non-compliance is identified.

",,https://www.bi.go.id/id/publikasi/peraturan/Pages/PBI_102025.aspx,https://www.bi.go.id/id/publikasi/peraturan/Pages/PBI_102025.aspx,
Indonesia,Bank Indonesia,Regulation of the Board of Governors Members No. 32/2025 (PADG 32/2025),2025.0,"Payment System Service Providers (PSP), including:
- Penyedia Jasa Pembayaran (PJP) [Payment Service Providers] — Bundles 1A, 1B, 2, 3
- Penyelenggara Infrastruktur Sistem Pembayaran (PIP) [Payment Infrastructure Providers]
- Supporting Service Providers (Penyelenggara Penunjang)
- Participants of BI-operated payment infrastructure","The market conduct of Payment System industry participants in implementing Bank Indonesia’s consumer protection principles is carried out by PSPs in the following activities:
a. designing, providing, and communicating information;
b. offering, drafting agreements, and providing services related to the use of products and/or services; and
c. handling complaints and resolving disputes.

PSPs are prohibited from engaging in:
a. unfair sales, marketing, and pricing practices;
b. actions that are detrimental and/or inconsistent with their intended purpose; and
c. activities prohibited by laws and regulations regarding consumer protection.

The implementation of market conduct for Payment System Participants (PSPs) is carried out with due regard to the Payment System activities conducted by the PSP.","The regulations enforce the safeguarding of funds:
a. Float Funds: For e-money issuers, the funds deposited by consumers are classified as ""Float Funds"" (Dana Float). The regulation explicitly states that these funds are not the assets or wealth of the PSP. Instead, they remain the absolute property of the consumers, which the PSP merely holds in trust and manages on their behalf (Article 22-23 PADG PISP)
.
b. Strict Segregation and Restricted Use: To prevent the misuse of consumer money, PSPs must enforce strict segregation of funds. Float funds must be officially recorded as immediate liabilities. They must be placed in bank accounts that are completely separate from the PSP’s own operational accounts (Article 23 PADG PISP)
These funds can only be used to fulfill the PSP's obligations to the users and merchants. It is strictly prohibited for the PSP to use these consumer funds for its own business interests, operations, or any other purposes (Article 24 PADG PISP)

3. Mandatory Placement: To ensure consumer funds are protected from financial risks, the regulation dictates exact placement ratios for float funds: At least 30% must be placed in cash or checking accounts (giro) at top-tier banks, specifically those in the KBMI 4 category or banks with a core capital of at least Rp30 trillion. At most 70% can be placed in highly secure and liquid instruments, specifically securities issued by the Indonesian Government or Bank Indonesia, or deposited directly into Bank Indonesia accounts. The PSP is explicitly required to guarantee these funds against any liquidity, credit, legal, market, or operational risks.(Article 23 PADG PISP)
.","The regulations enforce transparency and disclosure through several strict mandates:
1. To ensure consumers are fully informed before making commitments, PSPs are legally required to meet minimum contractual standards with their users. These minimum standards must explicitly include the transparency of the product or service. This ensures that consumers understand the exact nature, benefits, and limitations of the services they are utilizing. (Article 110 PBI PISP)
2. Pricing Transparency is heavily regulated to protect consumers from hidden costs. The regulations mandate that PSPs, Participants, and Supporting Providers strictly fulfill the principle of price transparency when implementing their pricing schemes for any payment system services (Article 49 PBI PISP)
3. The regulations dictate specific disclosure requirements depending on the type of payment product offered: Electronic Money (E-money): Providers must proactively inform users about the expiration of their e-money media (such as cards or chips). Furthermore, they must clearly disclose the mechanisms available for the settlement or refund of any unused e-money balances (Article 20 PADG PISP)

","Payment Service Providers (PSPs) must design products responsibly, strictly prohibiting harmful or inappropriate features, while integrating robust security like two-factor authentication (Article 135 PBI PISP, Article 27 PADG PISP)

For suitability, products must align with consumers' financial profiles, enforcing strict age, income, and credit limits to prevent over-indebtedness, alongside strict e-money balance cap (Article 174 PADG PISP)

During distribution, PSPs must ensure adequate transaction infrastructure and bear full accountability for third-party channels, such as digital agents. PSPs must conduct strict due diligence to ensure partners maintain fair market conduct (Article 137 PBI PISP)","PSP must strictly adhere to the principle of price transparency when implementing their pricing schemes (Article 49 PADG PISP). 
The regulations are also explicitly prohibit unfair pricing practices (Article 135 PBI PISP) Furthermore, PSPs must ensure that their cooperating merchants do not exploit consumers by imposing unauthorized surcharges (Article 137 PBI PISP).","PSP are legally mandated to implement robust data protection mechanisms and ensure transaction confidentiality (Article 169 PADG PISP). PSPs must strictly limit the collection, request, and use of consumer data only to what is necessary for providing payment services (Article 171 PADG PISP). Furthermore, any cooperation with third parties, such as merchants, requires binding agreements to maintain the confidentiality of user data (Article 139 PADG PISP)t.","Payment Service Providers (PSPs) are legally mandated to apply fair market conduct behavior specifically during the handling of complaints and the resolution of disputes (Article 135 PISP). Operationally, as part of their mandatory risk management frameworks, PSPs must have dedicated and reliable mechanisms for customer complaint handling and dispute resolution (Article 68 PADG PISP). Furthermore, to guarantee proper consumer redress, PSPs must maintain clear procedures to promptly refund canceled transactions directly to the consumer's original source of funds (Article 178 PADG PISP).","Payment System Providers (PSPs) are legally mandated to apply fair market conduct behavior specifically during the handling of complaints and the resolution of disputes. Operationally, as part of their mandatory Risk Management frameworks under the TIKMI criteria, PSPs must establish dedicated and reliable mechanisms for customer complaint handling, including dispute resolution, before obtaining their operating licenses or launching new activities. (Article 68 PADG PISP)","PSP must actively elevate public understanding, ensuring users are well-informed about product features, financial risks, and security measures.
Crucially, this educational mandate extends to the PSP's broader ecosystem. PSPs are legally obligated to provide continuous education and fostering to their third-party partners, such as merchants, to ensure fair market practices are maintained (Article 143 PADG PISP) ","There are no explicit provisions specifically defining or addressing ""vulnerable and special consumer groups"" Instead, BI mandates a universal consumer protection centered on the core principle of ""equality and fair treatment"" for all users (Article 136 PBI PISP)","PSP are subject to strict reporting requirements designed to ensure consumer protection and maintain system integrity. PSPs must systematically submit comprehensive data and information regarding their payment system operations to Bank Indonesia. Operational reports must explicitly include data on consumer complaints, fraud occurrences, and cyber incidents (Article 204 PADG PISP)","PSPs that fail to comply with obligations under PBI 10/2025 are subject to administrative sanctions, which may include:
a. Written warning;
b. Partial or full restrictions on activities, products, and/or services;
c. Partial or full suspension of activities, products, and/or services;
d. Dismissal of management;
e. Administrative fine (denda);
f. Revocation of product/service licence; and/or
g. Revocation of business licence (licence/designation).

BI may also require remedial actions, impose increased supervisory intensity, or escalate enforcement where systemic or repeated non-compliance is identified.

",,https://www.bi.go.id/id/publikasi/peraturan/Pages/PBI_102025.aspx,https://www.bi.go.id/id/publikasi/peraturan/Pages/PBI_102025.aspx,
Indonesia,Otoritas Jasa Keuangan (OJK),POJK 22/2023,2023.0,Financial service providers (PUJK),"-Financial Services Providers (PUJK) are required to implement the principles of Consumer Protection in conducting their business activities. Consumer -Protection in the financial services sector applies
 fair treatment and responsible business conduct and fair competition
-PUJK must treat or serve consumers in a non-discriminatory manner, unless otherwise specified in laws and/or regulations and/or agreements.",PUJK must have and implement written Consumer Protection policies and procedures on protection of Consumer assets,"PUJK has the right to obtain clear, accurate, correct, and non-misleading information and/or documents regarding prospective Consumers and/or Consumers.",,,PUJK must have and implement written Consumer Protection policies and procedures on protection of Consumer data and/or information,,"PUJK must implement the principles of Consumer Protection in conducting their business activities.
(Consumer Protection in the financial services sector must implement effective and efficient handling of complaints and dispute resolution;",,PUJK must have and implement written Consumer Protection policies and procedures on special services related to Consumers with disabilities and the elderly,," PUJKs that violate the provisions  shall be subject to administrative sanctions in the form of:
a. written warning;
b. partial or complete restriction of products and/or services and/or business activities;
c. partial or complete freezing of products and/or services and/or business activities;
d. dismissal of management;
e. administrative fines;
f. revocation of product and/or service permits; and/or
g. revocation of business permits.", ,https://peraturan.bpk.go.id/Details/302699/peraturan-ojk-no-22-tahun-2023,https://peraturan.bpk.go.id/Details/302699/peraturan-ojk-no-22-tahun-2023,
Lao PDR,Ministry of Industry and Commerce (MOIC),Law on Consumer Protection,2010.0,"All individuals and legal entities including domestic and foreign organizations which produce, import, sell, and distribute goods and services, which are licensed and have registered their business entities; and the consumers in the territory of Lao PDR. ","-The law complies with the principles on equality, transparency, justice between the consumers and the supplier in execution of the contract
-The Importation, the selling, the distribution of goods and services must be conducted without taking advantage of the consumers.
-Supplier must provide precise and based on the truth information concerning the production, the importations, the distributions of goods and services to the consumers",,"-Consumers must know precise information and advisory about the quality, the price, the place of manufacture, the producer, usage or user manual special feature, ingredients, certificate of product, after sales services and other necessary information
-Suppliers must provide precise and based on the truth information concerning the production and the distributions of goods and services to the consumers;","-The production of goods must be strictly conducted in accordance with conditions, standards and regulations as defined by relevant sectors
-distribution of goods and services must be conducted strictly in accordance with the conditions, the standards and pass through the inspection from the relevant sector",Suppliers must determine and show the price of goods and services in Lao currency,Official and staff are prohibited to disclose confidential information,"-When there is a dispute between consumer and supplier, the disputants shall have the rights to request to the Organization of Economic Disputes Settlement to resolve the dispute in accordance with laws and regulations.
-When there is a dispute between consumer and supplier, the disputants shall have the rights to bring a legal action to the People’s Court for consideration in accordance with laws and regulations.
-The disputes on consumer protection which related to international laws shall be settled in accordance with laws of Lao PDR or international agreements and treaties which Lao PDR is a party to.","The consumers can submit their complaints application to the Consumer Protection Implementing Organization within their locations;
The  consumers  has  the  obligation  to  provide  documents,  evidences  as follows:
- Evidence of purchasing-selling with the suppliers;
- Evidence of behaviour of suppliers concerning the violating of the contracts.
Timeframe:
-Within ten working days after received the complaints from the consumers, the Consumer Protection   Implementing Organization must invite the suppliers to the office for explanation and clarification to the complaints of consumers.;
-The suppliers must clarify such complaints no later than seven days after received the invitation from the Consumer Protection Implementing Organization.
-The Consumer Protection Implementing Organization must issue a decision to solve the complaints no later than thirty days after receiving the clarification from the suppliers;
-If necessary the Consumer Protection Implementing Organization may invite the disputants to office for further clarification or invite relevant sectors or experts to participate in solving of the dispute.

The Consumer Protection Implementing Organization shall have the rights to considering and solving the complaints application as follows:
-The Consumer Protection Implementing Organization at district level shall have the rights to consider and solve the complaint on goods and services with total values below one hundred million kip;
-The Consumer Protection Implementing Organization at provincial level shall have the rights to consider and solve the complaint on goods and services with total values above one hundred million kip.","-The State promotes the consumer protection affairs by defining laws and regulations, providing educations, among others
-Consumer Protection Administrating Organization must advocate, disseminate the policies, the laws and regulations, the strategic plans and programmes relating to consumer protection to society within their responsibilities", ,"The consumer protection implementing organizations must summarize, evaluate and report the implementation of consumer protection affairs to supervisory level regularly","-Individuals, legal entities or organizations violating laws or regulations on consumer protection shall be re-educated, disciplined, fined or punished depending on the seriousness of the violation.
-Individuals, legal entities or organizations violating laws and regulations on consumer protection, particularly prohibition provisions deemed as minor violation and as first violation, shall be warned and re-educated.
-Individuals, legal entities or organizations violating laws and regulations on consumer protection particularly the prohibitions deemed as non-criminal offence, after two times of warning, shall be fined in case by case basis which stipulated in specific regulations.
-Individuals who forced, abused of their powers, positions, duties to take or offer bribes, adjusting weight scales or measurement equipment, falsifying documents, using falsified documents, disclosing confidentiality for its own benefits, manufacturing, selling prohibited goods, distributing goods and services that create serious pollution to the environment, cause harmful to life, health, properties of other persons greatly, and other acts related to consumer protection which deemed as criminal offences shall be subjected to punishments in accordance with the Penal Law.
-additional penalty measures include suspension or withdrawal of Enterprise Registration Certificate, other documents, confiscate the materials or the profits gaining from the offences.",,https://laoofficialgazette.gov.la/kcfinder/upload/files/Law%20on%20Consumer%20Protection.pdf,https://laoofficialgazette.gov.la/kcfinder/upload/files/Law%20on%20Consumer%20Protection.pdf,
Lao PDR,Bank of the Lao P.D.R (BOL),Decree on Financial Consumer Protection (Decree No. 225/GOV),2020.0,"1. Deposit taking which includes certificate of deposit issuing 
2. Loan providing
3. Card services
4. Leasing
5. Pledge/Factoring
6. payment services
7. Foreign Exchange
8. Other services as license from the Bank of the Lao PDR
","Providers must protect consumers’ legitimate interests and avoid abusive practices. Fair, Transparent, Awareness for Consumer and financially sound","-The service provider shall have appropriate and strict rules, method and process for risk management in financial service providing by setting plan and system of risk undertaking that might occur especially risks of price, market and product distribution.
-providers must compensate for the lost to the consumer in case consumer's money in the account got lost without their fault","-Detailed disclosure requirements on fees, risks, contract terms, product retribution, term of contract, risk related to financial service information of customer; service provider shall disclose its financial service in form of printing and/or electronic one which is easy to be accessed
-Payment service providers shold not hide any information that is generated the benefit for service provider but caused the lost to consumer
-Advertisement or disclosure of information shall not be misleading","-Service provider shall define the suitability and price of its product in order to appropriate for each target customer as well as their product consuming ability.
-Service provider shall provide clear detail of the product and offer suitable alternative (if any) for consumer in order to able predicting the outcome and lost by herself/himself before choosing any financial service, and evaluate appropriateness for target consumers","- Service provider shall have internal written regulation for defining appropriations of product, fee, service fee, representative fee, interest rate and other fee based on law and regulation concerned; and shall record factors on price defining of each service.
- Service provider shall disclose fee, service fee, interest fee, and other fees,
- Service provider shall not charge any fee or service fee undisclosed","-The information of consumer (financial information, passwords) is personal data. Service provider shall store the customer's data and shall not disclose such information without permission or non-authorized organization concerned
-Service provider shall inform and instruct the clients about safeguard the password.
-In case the passwords of consumer is leaked or disclosed without permission, service provider shall record and inform to affected consumer immediately. In the case the leaked and disclosed information cause significant or widespread affects, the service
provider shall make record and report to the financial customer protection supervisory authority immediately.
-Service provider may disclose information of consumer to third party if it is consented in written from consumer. ","-Conflict between consumer and service provider may be settled as following
approach:
1. compromise or mediation;
2. resolution by the Bank of the Lao PDR;
3. resolution by the Economic Dispute Resolution Organization;
4. complaints to the people's courts.
-In the event of a dispute between the consumer and the service provider, the parties should try to resolve it through compromise or mediation. Compromise or mediation methods shall be complied with consumer protection law.
-In case dispute is not resolved through compromise or mediation or consumer is not satisfied with the settlement stipulated, the parties may propose to the Bank of the Lao PDR with relevant documents and evidence for resolution.
-The Bank of the Lao PDR may directly resolve disputes between consumers and service providers in case of wide-ranging affecting dispute.
The Bank of the Lao PDR shall consider to resolve such disputes in accordance with the procedures and method for resolving administrative disputes determined in the
Consumer Protection Law.
-In the event of dispute between consumer and service provider, the parties have the right to claim to the Economic Dispute Resolution Organization to resolve it
-In the event of dispute between the consumer and the service provider, the parties
have the right to claim to the people's court for a decision","-Service provider shall set up internal mechanism to handle complaint from consumer on its providing service such as: opinion, argument, or misunderstanding by
setting unit or allocating officer to receive, ascertain and response to the complaint. Service provider might set up communication channels to customer especially in written or oral communication channels.
-Service provider shall provide contact information of the unit or officer as well as contact information of financial consumer protection supervisory authority in every
contract document, and declare to the public on the method and process of proposing the complaint by posting the declaration at its office as well as its branch, service unit or on its website.
- Service provider shall response to the consumer's complaint as following process:
1. Receive, record and ascertain the complaint;
2. Settle the complaint immediately if the complaint is true and reasonable
3. Search for additional information in case the consumer's complaint is not clear
and cannot find the conclusion, and response to the consumer in every fifteen days on the
progress;
4. Inform in written solution to the consumer.","-The State supports and promotes on financial customer protection by raising awareness and understanding on financial service, human resource development, equipment providing and convenience condition to concerned organizations to be able to perform effectively
- Bank of the Lao PDR must provide financial literacy to the people in the society through appropriate forms
including information on financial service","Service provider shall provide the service to its consumer without discriminate on national, ethnic, gender and religion;","-Payment service providers must report on consumer protection activity to the Bank of the Lao PDR on a regular basis. In case of any problem that may affect a wide range of consumers, it shall be
reported to the Bank of the Lao PDR as urgency;
-Bank of the Lao PDR may require the service provider to report or provide information in the event of any
incident or situation related to the financial service consumer protection","Violators of this decree or regulations relating to the financial services consumer
protection users will be measured as warning, re-education, discipline, fine, civil
compensation or criminal proceeding.",,http://www.lsp.moic.gov.la/index.php?r=site%2Fdisplaylegal&id=505#mlist,https://www.bol.gov.la/en/fileupload/05-01-2026_1767584786.pdf,
Lao PDR,Bank of the Lao P.D.R (BOL),Law on Payment System (Amended) No.45/NA,2023.0,"Domestic and foreign individuals, entities and organization that operate or engage in the payment system activities of Lao PDR domestically and abroad","- End user should be treated fairly and equally under the law
-Organizations are prohibited to make false references or misleading advertisements that cause damage to payment system, end user and the society, abuse payment system or making transactions that cause disruption to financial and monetary stability
-Payment service providers are prohibited to provide payment service beyond the scope","-Electronic money service providers are prohibited to use the advanced money received from end users to provide credit by themselves, or through another financial institution, or to provide credit to their payment system operator.
-Payment error occurred due to the system interruption/mistake made by PSP, the payment service provider has to rectify such error or to compensate the damage to end user
-Provider must have a  protective system on asset acquired from end users or through other payment service providers","- End user is subject to receive qualified, safe, transparent services
-Payment service providers are prohibited from providing incomplete, untrue information, and other information inconsistent with information disclosed or advertised","-The Bank of the Lao PDR collaborates with relevant sectors to encourage, to promote, and to facilitate the development of payment systems and technology. Development of payment products and payment service systems by defining scope, timeframe in testing the use of such technology in order to increase effectiveness, convenience, safety while lowering cost and fulfilling the needs in the use of financial services.
-Legal entities and organizations wishing to develop payment systems technology in the Lao PDR have to obtain the approval from the Bank of the Lao PDR according to the requirements as provided in a specific regulation.","-Retail payment system operator and payment service provider must define and notify members on service fees, terms and condition of services
-Bank of the Lao PDR define principles on service fee determination of payment service provider","-Payment service providers must comply with Know-Your-Customer (KYC) and user’s information confidentiality principle as stipulated in the law.
- Payment system operators/service providers are prohibited to disclose end user’s information/legal entity/organization without consent or permission","-Payment error occurred due to the system interruption/mistake made by PSP, the payment service provider has to rectify such error or to compensate the damage to end user
-Retail payment system operators and payment service providers must settle disputes related to its payment system
-end-user can claim compensation for damage caused by any errors in using the payment system; they may also  request payment system operator, payment service provider, the Bank of the Lao PDR, the Office of economic dispute resolution or The People’s Court to consider and resolve the dispute","-Payment error occurred due to the system interruption or by mistake made by payment service provider, the payment service provider has to rectify such error or to compensate the damage to end user in accordance with the law.
-End user must the able to provide feedbacks and comments on payment services to payment system operator, payment service provider, or competent authorities","End-users rights include the studying, exploring and learning  how to use modern payment instruments",,"-Retail payment system operator and payment service providers must comply with the reporting regime specified by the Bank of the Lao PDR
-Payment business operator shall prepare financial reports on monthly, quarterly, and annually basis which comprising of Balance sheet, Profit and loss statement, Cash flow statement, change in equity statement, and notes to financial reports.","Individual, legal entity, or organization that violates this Law is subject to being
reeducated, warned, disciplined, fined as well as having civil damage compensation or criminal penalty in accordance with the laws",,https://www.bol.gov.la/en/fileupload/18-12-2025_1766051569.pdf,https://www.bol.gov.la/en/fileupload/18-12-2025_1766051569.pdf,
Lao PDR,Ministry of Technology and Communications (MTC),Electronic Data Protection Law,2017.0,"Individuals, Legal entities, Organizations
Both public and private, whether:
Lao or foreign,
operating in Lao PDR, or
processing electronic data related to Lao PDR",,,,,,"The State attaches importance to electronic data protection to ensure the safe use of data and to limit the use or disclosure of data of individuals, legal entities or organizations to the public without permission.","Dispute resolution may be carried out in any of the following forms:
1. Settlement by compromise;
2. Administrative settlement;
3. Settlement by an economic dispute resolution agency;
4. Appeal to the People's Court;
5. International settlement.
Settlement by compromise
In the event of a dispute concerning electronic data, the parties may consult and compromise
by peaceful means for the mutual benefit of both parties.",,,,,, ,https://mtc.gov.la/index.php?r=site%2Fdetail&id=346,https://mtc.gov.la/index.php?r=site%2Fdetail&id=346,
Malaysia,Ministry of Domestic Trade and Cost of Living,Consumer Protection Act 1999 [Act 599] (Amended),2019.0,"Consumer transactions in Malaysia, i.e. transactions related to goods and services that are offered or supplied to one or more consumers in trade including any trade transaction conducted through electronic means.","-No person shall make false or misleading representations in connection with goods or services
-No person shall demand for or accept, any payment or other consideration for goods or services, if at the time of the demand
or acceptance that person does not intend to supply the goods or services, intends to supply goods or services materially different from
the goods or services in respect of which the payment or other consideration is demanded for or accepted, does not have reasonable grounds to believe he will
be able to supply the goods or services within any specified period, or where no period is specified, within a reasonable time",,-Businesses must not engage in conduct that is misleading or deceptive to consumers,"The Minister may by regulations prescribe the safety standards in respect of—
- any goods or class of goods
- any services or class of services, and may prescribe different safety standards for different goods or services, or classes of goods or services.

No person shall supply, or offer to or advertise for supply, any goods or services which do not comply with the safety standards",A person commits an offense when he gives to a consumer an indication which is misleading as to the price at which any goods or services are available and if an indication given by him to a consumer as to the price at which any goods or services are available becomes misleading and he fails to take reasonable steps to prevent the consumer from relying on the indication,"A credit facility provider shall not disclose or circulate the personal data of a purchaser obtained under a credit sale transaction
to a third party unless the purchaser has been informed of the purpose of such disclosure or circulation and a written consent
of the purchaser has been obtained. ","
Where a consumer has a right of redress against the supplier, the consumer may exercise the following remedies:
(a) where the failure is one that can be remedied, the consumer may require the supplier to remedy the failure within a
reasonable time
(b)where the failure is one that cannot be remedied, consumer may cancel the contract and/or obtain from the supplier damages in compensation for any reduction in the value of the product resulting from the services below the charge paid or payable by the consumer for the services

There shall be established a tribunal to be known as the “Tribunal for Consumer Claims","An Assistant Controller (power to investigate the commission of any offence under this Act) may, upon a complaint by a person, conduct an investigation on any person who has committed or is committing any offence under this Act.","-Authorities empowered to disseminate information and raise awareness on consumer rights and harmful products/services.
- Authorities may disseminate information and raise awareness on matters affecting consumer interests""","no personshall supply, or offer to or advertise for supply, any services if there are any categories of persons who may be
at risk when using the service.",,"Penalties include fines and imprisonment for offenses
Unfair contract terms
-if such person is a body corporate,  a fine not exceeding two hundred and fifty thousand ringgit, and for a second or subsequent offence, to a fine not exceeding five
hundred thousand ringgit;
-if such person is not a body corporate, to a fine not exceeding one hundred thousand ringgit or to imprisonment for a term not exceeding three years, or to both, and for a second or subsequent offence, to a fine not exceeding two hundred and fifty thousand ringgit or to imprisonment for a term not exceeding six years, or to both.

on misleading and deceptive conduct, false representation, and unfair practice on the safety of goods and services
-if such person is a body corporate, to a fine not exceeding two hundred and fifty thousand ringgit, and for a second or subsequent offence, to a fine not exceeding five
hundred thousand ringgit;
-if such person is not a body corporate, to a fine not exceeding one hundred thousand ringgit or to imprisonment for a term not exceeding three years or to both, and for
a second or subsequent offence, to a fine not exceeding two hundred and fifty thousand ringgit or to imprisonment for a term not exceeding six years or to both.
-In the case of a continuing offence, the offender shall, in addition to the penalties above, be liable to a fine not exceeding one thousand ringgit for each day or part of a day during which the offence continues after conviction.",,https://lom.agc.gov.my/ilims/upload/portal/akta/outputaktap/1690994_BI/011121_Act%20599_final.pdf,https://aseanconsumer.org/file/pdf_file/CONSUMER%20PROTECTION%20ACT%201999%20AMENDMENT%202019%20.pdf,
Malaysia,Bank Negara Malaysia (BNM),"Financial Services Act 2013, Part VIII – Business Conduct & Consumer Protection (Amended)",2021.0,"Banks, investment banks, and insurance companies; Entities operating designated payment systems, issuers of electronic money, and merchant-acquiring services; Financial Holding Companies; financial service provider; financial consumer","-The Bank may specify standards on business conduct to a financial service provider for the purposes of ensuring that a financial service provider is fair, responsible and professional when dealing with financial consumers.Standards relate to fairness of terms in a financial consumer contract for financial services or products among others.
-A financial service provider shall not engage in any prohibited business conduct (e.g. engaging in conduct that is misleading or deceptive, or is likely to mislead or deceive in relation to the nature, features, terms or price of any financial
service or product.","-If an Issuer of a designated payment instrument as may be determined by the Bank, receives any money from or on behalf of its user in exchange of the payment instrument issued, such approved person shall, for the purposes of this section, establish and maintain one or more accounts for its customers in a licensed bank
separate from its own account.
-Moneys in the account established for customers is taken to be held in trust by the approved persons for the benefit of the customers","The Bank may specify standards on business conduct to a financial service provider related to transparency and disclosure requirements including the provision of information to financial consumers that is accurate, clear, timely and not misleading","The Bank may specify standards on business conduct to a financial service provider, including promotion of financial services or products; and provision of recommendations or advice including assessments of suitability and affordability of financial services or products offered to financial consumers","financial service provider must not impose or charge any fee, charge, penalty or other consideration on a financial consumer except in accordance with:
-the contract entered into with the consumer, and
-any standards or requirements specified by Bank Negara Malaysia (BNM).","-Nothing in this Act shall authorize the Minister to direct the Bank or authorize the Bank to inquire specifically into the affairs or account of any customer of any authorized person.
-No person who has access to any document or information relating to the affairs or account of any customer of a financial institution shall disclose to another person any document or information relating to the affairs or account of any customer of the financial institution.","-The Bank may specify standards on business conduct to a financial service provider, including complaints and dispute resolution mechanisms
-Regulations may be made to require any class, category or description of financial service providers to be a member of financial ombudsman scheme For the purposes of ensuring effective and fair handling of complaints and for the resolution of disputes
-A financial service provider shall comply with financial ombudsman decisions",The Bank may specify standards cn complaints and dispute resolution mechanisms,,,,"Criminal penalties for violations of consumer protection and business conduct requirements.
Penalties for prohibited business conduct:Any person who contravenes commits an offence and shall, on conviction, be liable to imprisonment for a term not exceeding five years or to a fine not exceeding ten million ringgit or to both.

Penalties for unlawful disclosure of customer information:Any person who contravenes  commits an offence and shall, on conviction, be liable to imprisonment for a term not exceeding five years or to a fine not exceeding ten million ringgit or to both.",,https://lom.agc.gov.my/ilims/upload/portal/akta/outputaktap/1867218_BI/Act%20758%20Final.pdf,https://www.investmalaysia.gov.my/media/xrnl0vfp/financial-services-act-2013.pdf,
Malaysia,Bank Negara Malaysia (BNM),"Participation Rules for Payments & Securities Services, 2021 (Revised)",2025.0,Participants of RENTAS (RTGS) and FAST,"-A Participant performs its obligations under these Participation Rules and Operational Procedures in good faith.
-Participants shall comply with the Participation Rules, Operational Procedures, rules, guidelines, circulars, standards, codes, notices and directives issued by BNM that are applicable to the Payment and Securities Services and take appropriate action to ensure compliance as required.","-Participants shall ensure that they have sufficient funds in their RENTAS account to cover the fees and charge
-Participants shall maintain sufficient balances in their MYR Settlement Accounts, NRTS Account, Foreign Currency Settlement Accounts and/or Securities Accounts to meet their Payment and Settlement obligations in a timely manner.",,,,"-Participants shall, at all times, keep confidential all information obtained in the course of their participation in RENTAS and FAST.
-Personal information of an individual held by BNM relating to the relevant Payments and Securities Services shall be processed and/or used in accordance with Personal Data Protection Act 2010. The Participant hereby warrants that consent from the data subjects has been obtained by the Participants for all personal data transferred to BNM for the purpose of providing the services to the Participants.  ",, ,,,"-Participants shall promptly submit incident reports to BNM when the Participants have service disruptions, breaches of service levels, service delays, and other issues that impair or degrade the provision of the Payments and Securities Services, when requested by BNM.
- Retail Payment System Operator (RPSOs) shall promptly submit incident reports to BNM when the RPSO encounters service disruptions, service delays, and other issues that impair
submission of Retal Payments transactions to NRTS
-Participants must submit  Business Continuity Plan (BCP) and Disaster Recovery Plan (DRP) reports","-BNM has the right to enforce these Participation Rules and the Operational Procedures including imposition of penalty charges on Participants for noncompliance. BNM has the right to determine the actual quantum of the penalty charges depending on the severity of the non-compliance
-BNM may with regards to preserving the integrity, security, reliability, stability and/or reputation of the Payments and Securities Services, suspend
immediately or by giving notice, a Participant in the Payments and Securities Services either entirely or partially due to insolvency, failure to comply with participation rules, failure to fulfill obligations among others.
-A Participant’s membership in one or more of the Payments and Securities Services may be terminated immediately if the Participant is suspended ",,https://www.bnm.gov.my/documents/20124/943361/Participation_Rules_for_Payments_and_Securities_V3.pdf,https://www.bnm.gov.my/documents/20124/943361/Participation_Rules_for_Payments_and_Securities_V3.pdf,
Malaysia,Bank Negara Malaysia (BNM),Fair Treatment of Financial Consumers,2024.0,"Financial Service Providers (FSP) (i.e., Licensed banks; Licensed Islamic banks; Licensed insurers; Licensed takaful operators; Prescribed development financial institutions; Approved financial advisers and approved Islamic financial advisers; Approved insurance brokers and approved takaful brokers; Approved issuers of a designated payment instrument; Approved issuers of a designated Islamic payment instrument) ","-Financial consumers have the confidence that they are dealing with a FSP where the fair treatment of its financial consumers and consideration of their best interests are integral to its corporate culture and core values
-Financial consumers are not subject to unfair discriminatory practices, including unfair contract terms that significantly disadvantage financial consumers",,"A FSP shall ensure a contract is reviewed during product development to ensure the terms are clear and accurately reflect the financial product as designed. This
includes ensuring that-
(a) terms are expressed in plain language;
(b) terms are presented in a legible and concise manner; and
(c) terms that impose obligations on financial consumers are given
appropriate prominence.

A FSP shall include key contract terms that affect financial consumers’ rights and obligations in the product disclosure sheet for all financial products

A FSP shall ensure proper processes are in place for the development and review of product disclosure and promotional materials to ensure that
information disclosed provide a clear and balanced representation on key features, risks and benefits necessary for financial consumers to make informed financial decisions

A FSP shall keep financial consumers adequately informed regarding a financial service or product at the pre-contractual stage, at the point financial consumers
enter into a contract and during the term of the contract as stipulated in the Guidelines on Product Transparency and Disclosure
10 to facilitate financial consumers in making informed decisions on the financial service or product that meets their needs.

A FSP shall disclose information in a clear, concise and effective manner. Focus must be placed on the quality of product disclosure rather than the quantity of
disclosure.","-Fair treatment should be embedded into all stages of the product life cycle, from product
design (including the setting of fees and charges), promotions, product distribution, provision of advice to post-sales processes;

-A FSP must ensure that prior to providing any advice or recommendation, its staff, representatives and agents obtain sufficient information on the financial
consumer, including but not limited to the following-
(a) financial objectives, needs and priorities;
(b) personal circumstances (e.g. age, number of dependents);
(c) financial situation (e.g. sources and amount of income, financial commitments, assets and liabilities);
(d) risk appetite;
(e) investment horizon; and
(f) level of knowledge and experience in relation to the financial service or product

In determining the suitability of a financial service or product for a financial consumer, where relevant, a FSP must ensure that its staff, representatives and
agents, assess whether-
(a) the financial service or product is suitable to the financial consumer’s financial objectives, needs, personal circumstances, financial situation,risk appetite and investment horizon;
(b) the financial consumer has the necessary knowledge and experience on financial matters to understand the key terms and risks of the financial service or product;
(c) the financial consumer is likely to be able to meet the financial commitments associated with the financial service or product; and
(d) the risks and rewards associated with the financial service

A FSP must ensure that its staff, representatives and agents provide financial consumers with information on all financial services or products that are
assessed to be suitable so that financial consumers are adequately informed of all choices available","- A FSP shall keep financial consumers adequately informed regarding relevant information on fees and charges applicable to a financial service or product
- Fair outcomes include not imposing excessive or unreasonable fees and charges that do not reflect
the actual costs incurred in the provision of services offered or which significantly
disadvantage certain groups of financial consumers, particularly vulnerable
consumers;
-FSP can offer financial service or product at different pricing levels or targeted to a defined
customer segment which reflect differentiated service levels or customer needs and preferences.","-When information delivered contains financial consumers’ financial information, such as in a periodic statement, a FSP must ensure that the information is adequately protected
-A FSP shall have controls in place to ensure that its staff, representatives and agents preserve the confidentiality of the information disclosed by financial consumers, particularly those identified as vulnerable. The information shall only be used for purposes of providing advice on or recommending a financial service or product to the financial consumers and must not be used in a manner that could be detrimental to the financial consumers.","
'-Financial consumers require clear redress options in the event that they have any concerns or feel they have been unfairly treated. An internal dispute
resolution process that is effective, simple and easily accessible for financial consumers to seek redress is essential for the fair treatment of financial consumers. Financial consumers should have access to complaints and claims handling mechanisms that are fair and efficient to resolve their disputes and claims against a FSP without any undue delay or burden.
-A FSP shall inform financial consumers of the availability of alternative dispute resolution avenues such as the Ombudsman for Financial Services, should the financial consumer decide to continue pursuing a case which the FSP considers as either resolved or closed.","-A FSP shall have in place proper processes, and well-documented procedures for complaints and claims handling, including clearly identified contact points for
the proper handling of complaints and claims from financial consumers. The procedures shall be clear, easily understood and readily accessible by financial
consumers.

- A FSP should create an environment where complaints are seen as valuable feedback to help improve business performance and help staff recognise the
importance of resolving complaints and handling claims in a fair and effective manner

-Senior management shall ensure-
(a) sufficient resources are allocated to handle and resolve complaints and claims;
(b) staff are properly trained to handle and resolve complaints and claims effectively; and
(c) timeframes for resolving complaints and claims are established to ensure that each complaint or claim is dealt with in a timely manner.

-When assessing complaints, a FSP shall examine the circumstances and underlying causes of individual cases in an equitable, objective and timely manner. A FSP shall make reasonable efforts to understand a financial consumer’s issue, investigate the complaint thoroughly and explain the basis of the decision when responding to the financial consume

-A FSP must establish effective monitoring and evaluation mechanisms for all complaints and claims received. This shall include analysing the nature and
trends of complaints and claims received and undertaking effective root cause analysis. A FSP shall take adequate measures to rectify the weakness identified
and establish a mechanism for appropriate escalation of significant complaints and claims to senior management.","-A FSP shall prominently publish its commitment towards treating financial consumers fairly and how it intends to implement such commitments on its website
-Effective disclosure may be achieved, for example, by incorporating more engaging forms of media such as the adoption of visual aids, interactive tools and videos to explain complex information and the use of infographics and ‘bitesize’ guides to encourage financial consumers to read and use the information for decision-making.
-A FSP shall provide its financial consumers with information that is easily accessible on how they can obtain assistance, in the event they encounter sudden life events that puts them in vulnerable circumstances, such as the death or permanent disability experienced by the household’s main breadwinner due to the onset of an illness or accident. In such circumstances, the FSP is expected to encourage affected financial consumers to approach them early to enable alternative measures to be put in place to mitigate the risk of further financial strain or distress","-Understanding the needs of vulnerable consumers and ensuring staff, representatives and agents have the right skills to take appropriate actions
throughout the entire product life cycle, from product development, market and sales, to after sales service are necessary preconditions for a FSP to be able to deliver fair outcomes to vulnerable consumers.
-A FSP must assess the needs of vulnerable consumers in its existing financial consumer base and target market, as well as implement appropriate policies
and procedures to meet these needs. This is to ensure that vulnerable consumers are treated fairly in accordance with the requirements in this Policy Document throughout their engagement and dealings with the FSP in respect of the financial service or product obtained or to be obtained from the FSP. The FSP must ensure that the policies and procedures are clearly communicated to relevant staff, representatives and agents so that they are implemented effectively.
-a FSP may consider consulting credible institutions or associations that provide support to financial consumers with a wide variety of vulnerabilities and have good understanding and expertise in dealing with the challenges those vulnerable consumers face
-A FSP shall take into consideration any prevailing or possible vulnerabilities in its existing financial consumer base as well as the needs of vulnerable consumers in its target market during the product design stage.
-The FSP shall provide adequate safeguards to prevent or minimize such risks when offering financial services and products to vulnerable consumers, including the level of pricing and fees to be imposed on new financial services and products which are offered to financial consumers with low financial resilience.
-A FSP is prohibited from engaging in predatory practices in their dealings with vulnerable consumers. In addition, a FSP shall refrain from sales and marketing
practices that exploit vulnerable consumers, such as providing misleading information on risks and returns, which could lead to vulnerable consumers
buying unsuitable or complex products which are not in line with their needs or financial circumstances.",,Non-compliance with regulatory standards may result in supervisory or enforcement action,,https://www.bnm.gov.my/documents/20124/938039/pd_fair_treatment_march2024.pdf,https://www.bnm.gov.my/documents/20124/938039/pd_fair_treatment_march2024.pdf,
Malaysia,Bank Negara Malaysia (BNM),Operational Risk Reporting (ORR),2026.0,"Licensed Banks, Licensed Investment Banks, Licensed Islamic Banks, Licensed International Islamic Banks, Licensed Insurers, Licensed Takaful Operators, Licensed International Takaful Operators, Prescribed Development Financial Institutions, Approved Issuers of A Designated Payment Instrument, Approved Issuers of A Designated Islamic Payment Instrument, Approved Operators of A Payment System, Registered Merchant Acquirers ",,,,,,,,,,,"Reporting entities must report all cyber incidents and events (including data breach) that occurred in accordance with the requirements as set out below:

Reputational Impact (Event with 'High' impact as defined by RE's internal policy: By T+1 working day, with T being the date of event confirmation

All reportable operational risk events greater or equal to RM 1 mil losses, and new modus operandi committed and impacted the REs for the first time, which must be reported as an individual event: By T+2 working days, T being the date of event confirmation

Critical event- Technology-related: By T+14 calendar 
days, T being the date of event  confirmation ",,,https://www.bnm.gov.my/documents/20124/938039/pd-ORR-jan2026.pdf,https://www.bnm.gov.my/documents/20124/938039/pd-ORR-jan2026.pdf,
Myanmar,Central Bank of Myanmar (CBM),Financial Institutions Law (FIL),2016.0,Banks and Non-bank Financial Institutions,"-A bank shall be prohibited from engaging in manipulative practices in order to obtain an unfair advantage for
themselves or for third parties","

Maintenance of Liquid Assets
- A bank shall hold such minimum, or minimum average amount of liquid assets in Myanmar at all times or over such time as may be specified by the Central Bank in a regulation.

Maintenance of Assets in Myanmar
- A bank shall maintain at all times, such minimum amount of assets in Myanmar as may be specified by the Central Bank in a regulation

","The Central Bank may issue regulations and directives to NBFI on matters pertaining to tranparency and disclosure requirements

Central bank shall be empowered to promote and consolidate consumer research and data collection;create an effective financial literacy network of stakeholders

Central bank shall be empowered to keep the Government and public informed of the activities and issues in the area of financial consumer protection.","For e-banking services, the Central Bank may issue necessary regulations and guidelines development of effective, low risk, low cost and convenient payment and financial services to customers and businesses through eservices.",,"-A bank shall keep secret the information relating to the affairs or the account, record, and transaction of a customer of a bank.
- No director, officer or employee of any bank licensed institution whether during his tenure of office, or thereafter, and no person who has by any means, access to
customer information, shall provide or otherwise disclose to any person, such customer information.","Central Bank shall be empowered to promote an out of court dispute resolution system to deal with disputes
between financial institution and its customers
Central Bank may implement corrective actions if it's satisfied that a bank is carrying on its business in a manner detrimental to the interests of its depositors, creditors or the public;",,"-Central bank is responsible for promoting consumer protection and financial capability of the bank consumers and financial consumers

'For e-banking services, the Central Bank may issue necessary regulations and guidelines to encourage institutions to educate customers about their rights and
responsibilities and how to protect their own privacy",,"
The Central Bank shall have power to require any bank and NBFI to provide any information and periodical written reports as may be prescribed by the Central Bank","Administrative, civil, and criminal penalties for violations.",,"https://www.cbm.gov.mm/content/1755
https://myanmar-law-library.org/topics/myanmar-banking-law/fiml-laws/financial-institutions-law-2016.html","https://www.cbm.gov.mm/content/1755
https://myanmar-law-library.org/topics/myanmar-banking-law/fiml-laws/financial-institutions-law-2016.html",
Myanmar,Central Bank of Myanmar (CBM),Regulation on Mobile Financial Services (FIL/R/01/03‑2016),2016.0,Mobile Financial Services Provider (MFSP),-A MSFP is legally responsible for the actions of its agent to the extent that they relate to the conducting of MFS transactions and matters connected therewith,"- MSFP shall keep 100 percent float held in trust account at the bank consisting of liquid assets and it shall remain unencumbered and not be commingled at any time with any others funds of the MFSP
- The returns or interest earned from the liquid assets in the trust account, shall be declared to the Central Bank on an annual basis and be utilized for the benefit of customers as approved by the Central Bank.
- The Central Bank may set a limit on the number of MFS accounts in a pooled account in any one bank held on behalf of a MFSP.
- Every MFSP shall on an ongoing basis, but by no later than 4.00 pm each day, reconcile the balance in the trust account against the float","-MFSP shall enter into a written agreement, physical or electronic, with every MFS account holder for whom they open an account. The agreement shall at minimum:
 (1) identify the account holder;
 (2) provide clear guidance on the account holders’ right of redemption and ownership of value held in their accounts; and include information on available redress procedures for complaints together with the address and contact information of the MFSP.

- MFSP shall ensure that prospective customers understand the key features of the products and services offered.
-The marketing of mobile financial services shall be based on the general principles of honesty and transparency.
- The addresses, telephone numbers and e-mail address of the MFSP must be included in all marketing materials of the MFSP.
-Each MFSP shall provide a list consisting of name and location of all its customer service points and its agents and a description of its mobile financial services products to its customers either through its website or in a mode that is accessible by its customers. ","-A commercial bank seeking to conduct mobile financial services shall apply to the Central Bank for product approval
-MFSP shall implement mobile financial services that is able to provide interoperable services with other MFSPs at various level of interoperability suitable to the market demands including at agent, customer or mobile platform level","-the Central Bank may from time to time, if necessary, prescribe the range of fees and charges that can be imposed by a MFSP
-Agents shall not charge customers any fee other than the fees authorized by the MFSP
-Each MFSP shall make available information on all fees and service charges for mobile financial services transactions to its customer ","Each MFSP and its agents and intermediaries if any, shall ensure privacy and confidentiality of customer information and data. ","-Where a customer is not satisfied with outcome of a complaint, the MFSP shall give the customer the right to pursue an identified escalation process to examine outcome.","-MFSP shall set up effective process and procedures to enable customers to submit complaints in respect of mobile financial services transactions.

the complaints procedures must-
 (a) provide easily understood information about the customer care system that is accessible during normal and after business hours
 (b) allow for complaints to be lodged orally or in writing
 (c) duration within which the complaint must be lodged; and
 (d) provide for complaints to be resolved within 5 business days from the date of receipt of complaint. An additional 10 business days can be taken to resolve the complaint provided the customer is informed of the same.

'-MFSP shall acknowledge a complaint filed by the customer and provide a reference number and sufficient information to enable the complainant to inquire the progress of the complaint.
-MFSP shall advise the complainants of the outcome of the investigation of their complaint, and any resulting decision of the MFSP.",,,"-Every MFSP shall submit reports to the Central Bank as may be required by the Central Bank.
-Any substantial change or enhancement in the MFS payment system which an MFSP intends to introduce shall be subject to the approval of the Central Bank and the
MFSP shall notify the Central Bank in writing 30 days prior to the proposed implementation of the change or enhancement.
-A MFSP shall notify the Central Bank in writing promptly, but no later than two business days of suspected/confirmed fraud, security breaches, service interruption, outages of the MFS system that lasted more than 2 hours, indications of loss of confidential data
-MFSP shall submit to the Central Bank, details and outcome of the complaints made by mobile financial services customers every six month","Enforcement tools including corrective actions, cease and desist order, and registratoin revocation.",,https://www.cbm.gov.mm/sites/default/files/regulate_launder/_fil-r-01_mobile_financial_services_regulation_eng_final_website_4-4-2016_-5.pdf,https://www.cbm.gov.mm/sites/default/files/regulate_launder/_fil-r-01_mobile_financial_services_regulation_eng_final_website_4-4-2016_-5.pdf,
Myanmar,Central Bank of Myanmar (CBM),MyanmarPay - Digital Payment System (Code of Conduct & Rules and Procedures for Person to Merchants (P2M)),2024.0,"Banks, financial institutes, mobile financial service providers (MFSPs), merchant acquiring services, payment system operators, and merchants.","The guidelines govern the activities of participants, ensuring transparency, security, and fairness for all stakeholders, including consumers, merchants, financial institutions, and regulatory bodies.

'-Prior to launching any new product or service under the MyanmarPay Digital Payment Switch, participants must submit a detailed go-tomarket plan to the Central Bank of Myanmar.
This plan must include product details, pricing structures, marketing strategies, and target customer segments",The Receiving Institution (RI) is responsible for ensuring that merchant funds are not diverted to unauthorized accounts.,"-Participants must commit to build consumer and merchant trust through clear, consistent communication of fees, terms, and services",,"Central Bank of Myanmar reserve the rights to revise the MDR and Merchant categories from time to time based on factors including inflation, technology, changes in consumer behavior, market competition.","-All sensitive data, including transaction and customer information, must be encrypted during transmission and at rest to ensure data integrity and confidentiality.
All participants must:
Consumer Consent: Obtain explicit consent from consumers before collecting, storing, or processing personal information. Consumers must also be informed of their rights to access, correct, or delete their data.

Data Security Policies: Implement strong and healthy data security policies that cover encryption, access control, and secure storage.","Level 1 - Step -1: Originated Institution: Disputes may first be raised by the Originated Institution (OI) to MyanmarPay dispute team to help investigate it.
Level 1 – Step -2: MyanmarPay dispute team investigation: The MyanmarPay Disputes Team will investigate the dispute and forward it to the Receiving Institution (RI)
Level 1- Step -3: Receiving Institution: The Receiving Institution will investigate and decide to accept or reject the dispute.

Level 2 – Arbitration Committee: In case the dispute remains unresolved at level- 1, the matter may be escalated to Arbitration committee for final decision. The Arbitration Committee will includerepresentatives from Central Bank of Myanmar, MyanmarPay Dispute team, Receiving Institution (RI), and Originated Institution (OI), with an equal number of representatives from both RI and OI.","Participants are required to have dedicated dispute management teams to work in tandem
with the MyanmarPay Dispute Handling Team. Dispute handling teams must ensure the
timely and transparent handling of disputes between customers and institutions. The
MyanmarPay team is responsible for managing disputes between participants and
overseeing the escalation process.",,,"Participants are required to submit transaction summary reports, security incident reports, customer satisfaction and complaint reports, among others ",Allows suspension or termination of participants for non-compliance or regulatory breaches.,,https://myanmarpay.com.mm/frontend/assets/files/COCwithSetttlementandMFSP.pdf,https://myanmarpay.com.mm/frontend/assets/files/COCwithSetttlementandMFSP.pdf,
Myanmar,Ministry of Commerce,Consumer Protection Law,2019.0,Consumers and Entrepreneurs,The duties of entrepreneur include treating consumers honestly and properly without discrimination,The consumer has the right to claim the right for compensation in case of damage arising from the failure to provide product information.,"- Consumers' rights include having the right to know information correctly and completely, and obtain the receipt or
document in buying and using the goods or service
- The duties of entrepreneur include providing the simple and correct information regarding the guarantee and requirements of goods or service, expressing the additional costs of goods or service to be known by the consumer before purchase
-No entrepreneur shall advertise  the false information related to the quality, quantity, ingredients, mode of use, price, rate of service and time needed to deliver the goods or service; false information in respect of goods or service","
The duties of entrepreneur include providing the opportunity to test on goods for consumers which is required to test quality before purchase

The entrepreneur shall cause to include  in the guarantees of goods having the quality that can be accepted and used by the consumer, correcting the quality, measure and weight of goods, safety, suitability for the need of consumers","The duties of entrepreneur expressing the additional costs of goods or service to be known by the consumer before purchase

No entrepreneur shall deceive the goods or service traded by increasing the price before the sale promotion",,"-To settle dispute, The relevant Office shall:
(a) examining the required documents and other exhibits related to the investigation;
(b) summoning to mediate the entrepreneur who is complained or his legal representative;
(c) summoning and examining the consumer and the entrepreneur or his legal representative in the presence of the person who knows the consumer’s complaint or eye witness and consumer protection experts;
(d) deciding the ex parte if the entrepreneur who is complained or his legal representative fails to be present the mediation;
(e) examining whether there is damage on the consumer and mediating it;
(f) notifying the entrepreneur who commits the complaint about the agreement of the consumer protection;
(g) submitting to the Committee if the committed entrepreneur fails to comply with the agreement under sub-section (f). ","- If any of the following person or organization wants to file the damage of the consumer, they may file the complaint to the relevant Office in person or any form of the social media together with evidence","-Myanmar Consumer Protection Commission shall educate on the consumer protection activities and disseminating information about it
-The Consumer Protection Associations may coordinate with the Department to provide consumer awareness and distribute information to the consumer related to the consumer protection activities.",,,"Administrative (fines, refunds, business restrictions), civil, and criminal penalties for violations",,"https://www.doca.gov.mm/sites/default/files/Consumer%20Protection%20Law_0.pdf
https://faolex.fao.org/docs/pdf/mya214098.pdf","https://www.doca.gov.mm/sites/default/files/Consumer%20Protection%20Law_0.pdf
https://faolex.fao.org/docs/pdf/mya214098.pdf",
Philippines,Bangko Sentral ng Pilipinas,"Financial Products and Services Consumer Protection Act (RA 11765)
BSP Circular No. 1160 (Implementing Regulations of RA 11765)",2022.0,all financial products or services offered or marketed by any financial service provider,"-The State shall implement measures to protect the following rights of financial consumers to equitable and fair treatment                                                                                                             -Financial service providers shall have the right to select their clients; Provided, That they shall not discriminate against clients on the basis of race, age, financial capacity, ethnicity, origin, gender, disability, health condition, sexual orientation, religious affiliation, or political affiliation -financial service providers may provide distinction, as necessary, when making a risk assessment on a specific financial product or service. Financial service providers are prohibited from employing abusive collection or debt recovery practices against their financial consumers. ","-The state shall implement measures to protect consumer assets against fraud and misuse

==
Unauthorized Transactions.Concerns or disputes about fund transfers or alleged unauthorized transactions shall be filed with the Originating Financial Institution (OFl). The OFI is primarily responsible for providing assistance and redress to its Clients. Upon receipt of fund transfer disputes or alleged unauthorized transactions, the OFI shall immediately inform and provide relevant details to the Receiving Financial Institution (RFl). OFls and RFls should then implement the following, pending the result of the investigation of the dispute or allegation:                                                                                                                                                         '-Hold the disputed funds, if still intact, in compliance with BSI policies, existing Bangko Sentral rules and regulations, or industry conventions;                                                                                                                                                                       
-Perform such other necessary actions to protect the Financial Consumer's interest and/or assets, such as but not limited to, account blocking or freezing of funds.","-Financial service providers must ensure that they adopt disclosure principles in their communications and their contracts with financial consumers, including the use of clear and concise language to ensure that all information concerning the financial product or service is understood by the target clients.
-Sufficient product disclosure must be provided before the contracting of the financial product or service to give the client enough basis and time for review. Any change in the terms or conditions of a financial product or service shall be provided to the client.
-In their advertising materials, financial service providers shall disclose the contact information of their consumer assistance unit providing consumer assistance and handling financial consumer complaints. Financial service providers shall also disclose that they are regulated and the advertising materials must identify the relevant financial regulator.
-Disclosure of information on financial products or services shall be made available to the public by the financial service provider through printed materials, mass media, websites or digital platforms.

====
BSls must ensure that their Financial Consumers have a reasonable comprehensive understanding of the financial products and services which they may be acquiring or availing.","Financial service providers shall continuously evaluate their financial products or services to ensure that they are appropriately targeted to the needs, understanding and capacity of both their markets* and their clients. This shall include, among others, the following;
(1) Affordability and suitability assessments                    
(2) Cooling-off period                                                             
(3) Pre-payment of loans and other credit

====

BSIS are expected to ensure that their financial products or services are adequately aligned with the Financial Consumers' needs, goals, understanding and financial capabilities. BSIs shall gather consumer insights and/or analytics on consumer behavior, characteristics and constraints to properly identify a target market, design and deliver or distribute their financial products and services accordingly, with attention to the needs of vulnerable segments.

BSIs should have written procedures for determining whether a particular financial product or service is suitable and affordable for their Clients. This shall include the determination of whether the amount and terms of the offered financial product or service allow various Clients to meet their respective obligations with a low probability of a serious hardship, and that there is a reasonable prospect that the financial product or service will provide value to the Client. For the purpose of extending credit, this assessment should include measures to prevent over-indebtedness.

When making a recommendation to a Financial Consumer:                                                                                                       
 (1) BSIS that will conduct suitability assessment should inform their Clients, clearly and simply, about the suitability assessment, its purpose, and the BSI's responsibility to conduct the assessment under relevant regulations so that Clients understand why they are asked to provide certain information. xxx                                                                   
 (2) BSIS should offer products or services that are in line with the risk profile and/or preferences of their Clients. xxx                                                                                         (3) BSIs should advise their Clients that in case of incomplete information or misrepresentations made in the suitability assessments, the BSI is not in a position to accurately determine whether the product or service is appropriate for them.","-Financial regulators may also determine reasonableness of interest, charges or fees which a financial service provider may demand, collect, or receive for any service or product offered to a financial consumer.
-Financial service providers must have internal policies and procedures for setting prices for their products and services that take into consideration, among others, the principle of responsible pricing

===
Pricing procedures and documentation should provide the rationale for why and how prices have been set. Pricing procedures must consider publicly available information on competitive pricing, except in special instances of tailor-fit and/or pioneering products and/or services, the cost to provide the financial product or service and affordability to Clients, and the reasons for setting the price of each financial product or service must be duly-documented.","- Each financial service provider must respect the privacy and protect the data of their clients. Consistent with the provisions of Republic Act No. 10173, otherwise known as the “Data Privacy Act of 2012”, the financial regulators shall issue regulations in coordination with the National Privacy Commission, governing the disclosure of client data to a third party.

'- Financial service providers shall adopt and implement information security standards to ensure the safety and protection of the confidentiality, integrity, availability, authenticity, and non­repudiation of the client's information and financial transactions and to ensure the data privacy of their clients. The financial regulators shall prescribe the minimum information security standards for compliance by all financial service providers.

====
The principles include having well-articulated privacy notices and policies, specifying and declaring the purpose/s for processing and criteria being relied on as the lawful basis for processing Client data, ensuring that the processing is necessary and not excessive in relation to the purpose, and implementing reasonable and appropriate information security measures and well-defined protocols for upholding data subject rights, among others.

Under this consumer protection standard on client information, Financial Consumers have the right to expect implementation of the most appropriate safeguards ensuring the confidentiality, integrity, and availability of their financial transactions, as well as expect that all relevant personal information lawfully disclosed in the course of a transaction, are kept confidential and are secured.","Financial regulators shall provide efficient and effective consumer redress or complaints handling mechanism such as mediation, conciliation or other modes of alternative dispute resolution to address conflict/dissatisfaction from financial consumers arising from financial products or services.The financial consumer may avail of the mechanism prior to adjudication.

===
Under this Standard, Financial Consumers should be provided with accessible, independent, fair, accountable, timely, and efficient means for resolving concerns, inquiries and requests about their financial transactions. BSIS should have in place mechanisms for complaint handling and redress and may employ various modalities or technological innovations for complaints handling. "," Each financial service provider must establish a single consumer assistance mechanism for free assistance to financial consumers on financial transactions concerns. This shall include handling of complaints, inquiries and requests.

===
The regulations mandate: Financial Consumer Protection Assistance Mechanism (FCPAM). Each BSI must establish a single FCPAM, commensurate to the size, structure, nature of products and services, and complexity of operations, to provide free assistance to Financial Consumers on their concerns about the BSI's financial products, services and/or transactions. This shall include handling of complaints, inquiries and requests",," Financial service providers shall have the right to select their clients; Provided, That they shall not discriminate against clients on the basis of race, age, financial capacity, ethnicity, origin, gender, disability, health condition, sexual orientation, religious affiliation, or political affiliation: Provided, further. That financial service providers may provide distinction, as necessary, when making a risk assessment on a specific financial product or service. Financial service providers are prohibited from employing abusive collection or debt recovery practices against their financial consumers.

===
The standards for disclosure and transparency shall be applicable even to financial products and services offered electronically, as well as to financial products catering to different market segments with particular consideration for segments that may have limited financial literacy.","Financial regulators shall have the authority to require their respective supervised financial service providers and their third party agents/service providers to submit reports or documents, as needed.","-Any persons who willfully violates this Act or the rules, regulations, orders, or instructions issued by the financial regulators to implement this Act, shall be punished by imprisonment of not less than one (1) year, but not more than five (5) years, or by a fine of not less than Fifty thousand pesos (P50,000.00) but not more than Two million pesos (P2,000,000.00), or both, at the discretion of the court: Provided, That if the violation is committed by a corporation or a juridical entity, the directors, officers, employees, or other officers who are directly responsible for such violation shall be held liable thereto.

===
under FCPA Section 6 (d) and the criminal sanctions provided under FCPA Section .l5, the administrative sanctions under RA No. 7653, as amended, shall be made applicable to the BSl, its directors, trustees, officers, employees or agents for violation of the FCPA, its IRR and any related rules, regulations, orders or instructions of the Bangko Sentral. ",,https://legacy.senate.gov.ph/republic_acts/ra%2011765.pdf,https://www.bsp.gov.ph/Regulations/Issuances/2022/1160.pdf,
Philippines,Bangko Sentral ng Pilipinas,BSP Circular No. 980 (Adoption of National Retail Payment System Framework),2017.0,"all retail payment-related activities, mechanisms, institutions and users",Objectives of the regulation include promoting fair access and competition amongst NRPS participants,,"-the retail payment system and activities that BSFIs participate in should establishs trengthened risk management through a better, holistic and multi-stakeholder approach to governance, and an enhanced transparency of clearing and settlement transactions classified according to risk profile",,"-The BSFI's board of directors shall adopt a policy on the imposition of any fee on electronic payment transactions. The policy shall include The basis and quantitative support for the setting of fees and rationalization of the fee structure or amount. lmposition of fees for transactions performed by BSFIs
that meet the requirements in ltem ""a"" of this Subsection shall be consistent with the following:
(1) On consumer pricing -
(a) BSFIs shall adopt reasonable and fair market-based pricing models, which do not arise from agreements with other BSFIs to fix the price of product or
service delivery.
(b) The service fees for electronic payments are expected to be lower than the fees collected from transactions made manually or over-the-counter (OTC)
as electronic payments are considered to provide more efficient and costeffective means of delivering service.
(c) The recipient shall not pay for electronic crediting to recipient's account and the recipient shall receive the amount in full. Such account to account fund
transfers shall not be considered as domestic remittance transactions


=The BSFI shall disclose to the Bangko Sentral the details of all fees that will be charged to the client. This will be posted in an electronic bulletin board of fees for transactions performed under the NRPS framework.",,,,,,"BSFIs shall make available all policies, procedures and other documents/information related to this Section during the on-site examination, as well as provide copies thereof when a written request is made by the Bangko Sentral","- the Bangko Sentral may deploy enforcement actions to promote adherence to the requirements
- The Bangko Sentral may issue directives to enforce compliance with the NRPS Framework or impose sanctions to limit the level of or suspend any business activity that has adverse effects on the safety and soundness of the BSFI, among others.",,https://www.bsp.gov.ph/Regulations/Issuances/2017/c980.pdf,https://www.bsp.gov.ph/Regulations/Issuances/2017/c980.pdf,
Philippines,Bangko Sentral ng Pilipinas,"BSP Circular No. 1169 (Rules of Procedure for the Consumer Assistance Mechanism, Mediation and Adjudication of Cases in the BSP",2023.0,"financial products and services of BSls and/or violations of the provisions of the FCPA, with provided exemptions in the Circular (page 3)",,,,,,,"-The BSI's Flnancial Consumer Protection Assistance Mechanism (FCPAM) is a first-level recourse mechanism for financial consumers who are dissatlsfled with a financial
product or service. Complainants are required to report their concern to the BSI involved through such BSI's FCPAM.
The BSP-CAM ls a second-level recourse mechanlsm fior financial consumers who have reported their concerns to the BSI involved, through such BSI's FCPAM, and are not satisfied wlth how the BSI handled their concerns on the latter's conduct, products and seruices, or whose concerns were not acted upon bythe BSI's FCPAM within a reasonable perlod. The BSP-CAM is primarily facllitatlve in nature and is aimed at clariffing financial consumer issues by allowing the partles to communicate with each other through the BSP

The BSP-CAM is a condition precedent to both mediation and adjudicatlon.
The Complainant has the option to proceed either to mediation or adjudlcatlon after resort to BSP-CAM and, subject to compliance wlth the requirements of these Rules.

Process involves filing , acknowledgement and directive to answer, reply and rejoinder, escalation to mediation/adjudication, and termination",,,,,"-monetary restitution or reimbursement, including allowable damages ",,https://www.bsp.gov.ph/Regulations/Issuances/2023/1169.pdf,https://www.bsp.gov.ph/Regulations/Issuances/2023/1169.pdf,
Philippines,Bangko Sentral ng Pilipinas (BSP),BSP Circular No. 1195 (Consumer Redress Mechanism Standards);,2024.0,All CSOs and ACH participants providing domestic account-to-account Electronic Fund Transfers,,,"-Fls have the primary responsibility of communicating to the sender, as their own accountholders, the status and updates on investigations, and resolution of unauthorized and/or erroneous transactions
-The ACH operating guidelines must clearly define thefollowing guidelines on notifications:
(1) The OFl shall timely provide notification to inform the sender about the accurate status of the EFT. Subsequent notifications mustlikewise be provided for updates or resolution,
(2) The RFl shall timely provide notification to the beneficiary about the funds received in the beneficiary account.
The OFls and RFls shall utilize effective models of notification that will ensure the receipt by the sender and/or beneficiary of the required information under this provision. Both OFl and the RF! must include relevant transaction details that will allow both sender and beneficiary to easily identify the EFT. Common language must be observed by all ACH participants in the notification message, particularly in relaying the actual
status of the EF",,,,"-Return of funds:
For instant retail payments and corresponding use cases, the amount debited from the sender's account shall be returned to the sender's
account within one (1) hour from receipt of sender instruction. This shall apply to rejected transactions, returned transactions, and timed-out
transactions.
For batch clearing and settlement of electronic payments and corresponding use cases, the amount debited from the sender's account
shall be returned to the sender's account within two (2) hours from receipt of settlement report from the CSO for rejected transactions and
returned transaction

The sender shall not bear fees for unsuccessful transactions as well as for EFTs that did not materialize due to disruption of operations of either the CSO or ACH participants. The ACH operating guidelines shall provide parameters to determine the entity-at-fault who will shoulder any cost related to the EFTs affected by such circumstances.
In all cases, the rules on collection and return of EFT fees must be clearly communicated to consumers by disclosing such information in various channels and publicly available materials, pursuant to existing Bangko Sentral regulations on Disclosure and Transparency",,,,,,,https://www.bsp.gov.ph/Regulations/Issuances/2024/1195.pdf,https://www.bsp.gov.ph/Regulations/Issuances/2024/1195.pdf,
Philippines,Bangko Sentral ng Pilipinas (BSP),BSP Memorandum No. M-2024-015 (Guidelines on Pricing of Electronic Payments),2024.0,Bangko Sentral Supervised Institutions,"These guidelines contain recommendations on the e-payments pricing practices of BSPSupervised Institutions (BSls) and aim to ensure transparent, fair, and competitive pricing structures of payment services offered to end-users.
-Based on the BSI's assessment of its business model, it may consider providing flexible pricing plans catering to diverse user needs, allowing customization based on transaction requirements and user preferences. Pricing under these arrangements shall consider the relevant recommendations under these guidelines.",,"-The manner of disclosure should be easily accessible, especially where the terms and conditions tend to be deeply embedded and hard to access without scrolling or clicking through multiple screens. Payment service providers are required to inform consumers via a statement of account of the details of the fees, exchange rate and other charges incurred by the customer in each transaction, if any, preferably free of charge and at least annually. The same details of the fees may also be disclosed on a per transaction basis. This will ensure the provision of clear and comprehensible information to empower users to make informed decisions.
-In marketing its e-payments services, the BSI demonstrates adherence to appropriate and adequate disclosure and transparencywhen the manner of disclosure, whether in advertising materials, terms and conditions, and other forms of communication, is clear, concise, accurate, understandable and not misleading.",,"the pricing policy, processes, and procedures of a BSI should include detailed discussions on the rationale and quantitative support for determining fees. This documentation may cover the justification and basis for the fee structures and the amounts based on cost analysis and other pertinent information related to the factors influencing pricing decisions.  in crafting their pricing policies, processes, and procedures, BSIs may consider the price and cost drivers, cost analysis and accounting, regulatory consideration.

Guidelines provided covers
a. Reasonable and fair market-based pricing: BSI's pricing policies are expected to be reasonable and fair market-based, emphasizing the importance of avoiding price-fixing agreements, adopting competitive fair pricing strategies, and ensuring reasonable cost recovery.
b. Responsible pricing:  BSI is considered to practice responsible pricing if it adheres to the recommendations outlined in this Memorandum and provides e-payment services in a manner that is affordable for clients and sustainable for the BSi.
c. Transparent pricing: transparency in pricing is mainly achieved through appropriate fee disclosure to end-users and regulatory reporting",,,"Feedback mechanisms established by BSls should be able to support continuous improvement to meet end-user needs, such as allowing users to express concerns, report pricing issues, and provide feedback on pricing.",," BSIs may also opt to have their product governance mechanism assess whether algorithms that influence or determine pricing may be unfairly biased toward certain groups of people, especially vulnerable segments.",BSls are requested to participate in the BSP's annual Survey on Pricing Digital Payments related to their provision of digital payment services. ,,,https://www.bsp.gov.ph/Regulations/Issuances/2024/M-2024-015.pdf,https://www.bsp.gov.ph/Regulations/Issuances/2024/M-2024-015.pdf,
Singapore,Monetary Authority of Singapore (MAS),E-Payments User Protection Duties Guidelines,2024.0,Financial institutions and consumers,The responsible FI should act fairly and responsibly to the account holder at all times.,-The regulation provides for blocking of access to protected accounts to prevent further unauthorized access as well as a recovery mechanism                                 ,"The responsible FI must provide notification alerts on a real-time basis to the account holder of a protected account, when (i) his digital security token is activated; (ii) there is a login to a protected account issued by a relevant payment service provider on a new device; or (iii) any high-risk activities are performed on a protected account.
'-A responsible FI should inform every account holder of a protected account of the user protection duties, including providing such information on its website or mobile application, and in the Terms and Conditions provided to an account holder for any new protected account issued.                                                                
-The responsible FI may also resolve such a claim in a fair and reasonable manner. The responsible FI should communicate the claim resolution process and assessment to the account holder in a timely and transparent manner.",,"-Responsible FI should withhold and/or waive charges relating to transactions under dispute.                                                                          
- Where there are any charges or costs relating to the recovery of the unauthorised transaction amount (such as agent fee, arbitration charge, foreign exchange rate differences, professional fee) to be borne by the account holder, the responsible FI should disclose such charges to the account holder.Examples of charges directly relating to the disputed transaction include late payment fee, fall-below-balance service fee, telegraphic transfer commission, fees and charges facilitating the movement of funds during the responsible FI’s investigation of the disputed transaction and charges which are not within the FI’s control such as agent fee and cable charge for telegraphic transfer.","An account user of a protected account should not do any of the following:
(a) voluntarily disclose any access code to any third party, including the staff of any  responsible FI; 
(b) disclose the access code in a recognisable way on any payment account,  authentication device, or any container for the payment account
(c) keep a record of any access code in a way that allows any third party to easily misuse the access code.","-FIs to make reasonable efforts to recover sums sent in error by the account user Where the account holder or account user has initiated an erroneous transaction and requests to recover the funds
-Where an account holder has informed his responsible FI that he or an account user has initiated an erroneous transaction, and the account holder’s FI has informed the wrong recipient’s FI of the erroneous transaction, the FIs of both the account holder and of the wrong recipient should make reasonable efforts to recover the sum sent in error.
- Where the account holder does not agree with the responsible FI’s assessment of
liability, or where the responsible FI’s has assessed that the claim falls outside of Section 5,
the account holder and the responsible FI may proceed to commence other forms of dispute
resolution, including mediation at the Financial Industry Disputes Resolution Centre Ltd
(“FIDReC”) where the responsible FI is a FIDReC member.
-The responsible FI should have a dispute resolution process for handling any disputed
investigation.
-The responsible FI should assess and complete an investigation of any disputed
investigation raised by an account holder within 21 business days or where there are
exceptional circumstances23, within 45 business days of receipt of the disputed investigation","- The responsible FI should provide account holders of protected accounts with a
reporting channel that is available at all times for the purposes of reporting unauthorised or
erroneous transactions, and blocking further access via mobile and online channels to his
protected account.
-A responsible FI should assess any claim made by any account holder in relation to  any unauthorised transaction covered in Section 5 (“relevant claim”) for the purposes of  assessing the account holder’s liability. It should have a proper  governance structure and investigation process, involving representatives who are independent from business units who are to carry out the above assessment.","Regulation states the duties of the consumer in being aware of transaction risks through the following provisions:                                                                                                                                                                                                    - Account user to read content sent with access codes before completing payment transactions or high-risk activities.                                                                                                                                                                                                                                                                                                                                                                                                    -An account user of a protected account should read the risk warning messages sent by the responsible FI before proceeding to confirm the performance of high-risk activities.                                                                                       -A responsible FI should inform every account holder of a protected account of the user protection duties, including providing such information on its website or mobile application, and in the Terms and Conditions provided to an account holder for any new protected account issued.                                                                                                                                                                                                                                                                                -Responsible FI to inform account user of the risks and implications of performing high-risk activities. ", , ,,,https://www.mas.gov.sg/-/media/mas-media-library/regulation/guidelines/pso/e-payments-user-protection-guidelines-with-effect-from-16-dec-2024/e-payments-user-protection-guidelines-with-effect-from-16-december-2024.pdf,https://www.mas.gov.sg/-/media/mas-media-library/regulation/guidelines/pso/e-payments-user-protection-guidelines-with-effect-from-16-dec-2024/e-payments-user-protection-guidelines-with-effect-from-16-december-2024.pdf,
Singapore,Monetary Authority of Singapore (MAS),Guidelines On Shared Responsibility Framework,2024.0,Banks and relevant payment service providers that have issued a protected account (“responsible financial institutions” or “responsible FIs”); and mobile network operators under the Telecommunications Act 1999 which provide cellular mobile telephone services (“responsible telecommunications companies” or “responsible Telcos”).,"The responsible FI is to ensure continued delivery of key services and alternatives, where applicable. The responsible FI should also ensure that scheduled system downtime is not performed during periods where a high volume of transaction is expected.",,, ,,,"-The responsible FI is expected to bear any loss arising from a seemingly authorised  transaction if the loss arises from any non-compliance by the responsible FI with any duty
-The responsible Telco is expected to bear losses arising from a seemingly authorised  transaction perpetrated through SMS if:
(a) the responsible FI has complied with all of its duties
(b)  the loss arises from the responsible Telco’s non-compliance with any duty
-where the account holder is  deemed responsible, the account holder may seek alternative channels for redress

For processing claims in relation to any seemingly authorized transaction
(a) Claim Stage: aresponsible FI is the first and overall point of contact with the account holder. It will assess if the claim falls within the SRF’s scope (“relevant claim”), and inform a responsible Telco where applicable.
(b) Investigation Stage :A responsible FI and responsible Telco (where applicable) will conduct the
investigation
c) Outcome Stage: A responsible FI will inform the account holder of the investigation outcome. 
(d) Recourse Stage: Where an account holder is dissatisfied with the outcome at the Outcome
Stage, he may pursue further action through avenues of recourse such as the  Financial Industry Disputes Resolution Centre Ltd (“FIDReC”) or IMDA","The responsible FI must provide account holders of protected accounts with a reporting channel that is available at all times
for the purposes of prompt reporting and blocking of further seemingly authorised  transactions. The reporting channel must include a self-service feature to promptly
block further mobile and online access to the account holder’s protected accoun",,,,,,https://www.mas.gov.sg/-/media/mas-media-library/regulation/guidelines/pso/guidelines-on-shared-responsibility-framework/guidelines-on-shared-responsibility-framework.pdf,https://www.mas.gov.sg/-/media/mas-media-library/regulation/guidelines/pso/guidelines-on-shared-responsibility-framework/guidelines-on-shared-responsibility-framework.pdf,
Singapore,Monetary Authority of Singapore (MAS),Guidelines on Fair dealing,2024.0,"All financial institutions (FIs) regulated by MAS,","-The Guidelines state that customers should have confidence that they deal with FIs where fair dealing is central to the corporate culture, and boards and senior management are responsible for embedding this into policies, processes, and incentives
-When providing financial products and services, financial institutions should be able to justify differential treatment to any customer or groups of customers, on the basis of relevant and reliable information or data.",,"-In developing its marketing and disclosure documents, financial institutions should ensure that the information presented in the documents is consistent with the information from the product or service provider.
-A financial institution should provide customers with clear and relevant information that can be readily accessed and understood. Such information should be given before, during and after the sales process. This includes after-sales updates on product performance and/or any material developments relating to the financial product so that customers can take steps to protect their interests. This information, whether written or verbal, should be presented in a fair and balanced manner
-Disclosures to customers should be:
a) readily accessible;
b) written in plain language that avoids the use of technical jargon;
c) presented in a balanced format that highlights key features and risks without obscuring important terms and conditions; and
d) presented in a format that facilitates ease of reading and understanding","-Financial institutions should duly consider the needs and interests of customers, and act accordingly throughout every aspect of their business to achieve this, from product design and governance, to marketing and sales
-when designing a product or service, a financial institution should assess its performance under different market conditions or scenarios and therefore its likely benefit or value to customers.
-As far as possible, before a product is launched, a manufacturer should appropriately test if the product or service meets the needs, characteristics and financial objectives of the target customer segments. After launch, the manufacturer should monitor customers’ feedback with a view to improve the design of the product. This may include establishing processes to obtain feedback from the product’s
distributors who have interacted directly with customers.
-A financial institution should undertake formal due diligence on any financial product it intends to distribute, in order to:
a) fully understand and evaluate the features and characteristics of the product, and assess the implications on each customer segment; and
b) identify customer segments for which the product is suitable, and customer segments for which the product is clearly not suitable.
In deciding whether to distribute a new financial product, a financial institution should consider,among other matters:
a) whether the target customers are able to understand the product, given its characteristics and level of complexity;
b) whether the product’s objectives, characteristics and associated cost and fees are suitable for the target customers;
c) appropriateness of the proposed marketing channel(s) for the product, for example, whether through representatives, the internet or direct marketing;
d) competency of its representatives, and their ability to understand and adequately explain the product’s features and characteristics to customers; and
e) whether its systems and processes, including fact-find forms, risk profiling questionnaires and other documents, are able to support the sale of the product","-Financial institutions may offer different products, pricing and fees to different customer segments based on commercial factors or market segmentation.
-A financial institution should have processes to review and approve changes to its fees, including evaluating that the revised fees are reasonable and not prohibitive. In general, where fees are changed or introduced in the context where customers have no choice but to incur the fees, the fees charged by a financial institution should not exceed the value of the transaction. Customers should also be provided with clear and sufficient information on any fee change and be given sufficient notice (e.g., minimum notice period of 30 days), to allow them to consider alternatives.",,"- While customers should first approach their financial institutions to resolve any disputes, they
should be made aware of the option to go to the Financial Industry Disputes Resolution Centre Ltd
(FIDReC).","- financial institution should set out clear information on the avenues and procedures for customers to submit feedback, inquiries, or complaints. This information should be easily accessible by the public and be available on the financial institution’s website. A financial institution should also ensure that its feedback channels support all customer segments, with due consideration for those who are less technologically savvy.
- In reviewing a complaint, a financial institution should assess the facts and circumstances of each
case. The financial institution has the responsibility to resolve complaints fairly and consistently by setting clear assessment criteria.
- In  communicating the review outcome of the complaint, it is important for a financial institution
to be clear and transparent to the customer on the basis of its assessment. This allows the customer the
opportunity to provide additional relevant information","- A financial institution should provide its customers with all relevant information before they make any financial decision. This includes disclosure documents prepared by the product or service provider (e.g., policy illustration, prospectus, pricing statement, Product Highlights Sheet, and factsheet)
- Where the returns or costs of a product can vary over time, a financial institution should make clear to customers the range of possible outcomes for the financial product, including a worst-case scenario","-The financial institution should consider the needs and interests of customers, especially those who are more vulnerable.
-when designing, developing, and marketing new products and services, to focus on the needs and interests of their target customer segments, and to pay special attention to those who have been identified as being more vulnerable
-A financial institution should pay special attention when marketing financial products to certain customer segments, such as persons who may have limited financial knowledge, or are more vulnerable
-Before allowing a product or service to be marketed to customers, a financial institution should provide training for its representatives on the relevant features and risk-reward characteristics. It should also clearly communicate to its representatives the customer segments that the product or service is suitable for, and to take extra care and attention with vulnerable customer
-where vulnerable customers are involved, a financial institution should put in place additional safeguards, such as conducting callbacks to ensure that they understand the implications of the purchase or transaction, or requiring trusted individuals to accompany and assist them in comprehending their purchase or transaction",,,,https://www.mas.gov.sg/-/media/mas-media-library/fair-dealing-guidelines-30-may-2024.pdf,https://www.mas.gov.sg/-/media/mas-media-library/fair-dealing-guidelines-30-may-2024.pdf,
Singapore,Monetary Authority of Singapore (MAS),Payment Services Act 2019 (PSA),2019.0,Payment systems,,"""-A major payment institution or licensee must ensure that no later than the next business day after any relevant money is received from, or on account of, a customer, the whole or such part, as may be prescribed, of the relevant money, is safeguarded in one of the following manners:
(a) by an undertaking, from a safeguarding institution, to be fully liable to the customer for the relevant money;
(b) by a guarantee given by a safeguarding institution for the amount of the relevant money;
(c) by depositing the relevant money in a trust account maintained with a safeguarding institution;
(d) in such other manner as may be prescribed.

-MAS may make regulations under section 103 to provide for all or any of the following matters:
(a) any matter concerning the safeguarding of relevant money
(b) any matter concerning the depositing of relevant money in a trust account mentioned """,,,"MAS by written notice, require any licensee, or any person acting on behalf of a licensee, to provide to the Authority, within such period as the Authority may specify in the notice, all such information relating to the licensee’s business of providing any payment service including the pricing of, or any other form of consideration for, any payment service offered or provided by the licensee",,,"A licensee must appoint at least one person to be present, on such days and at such hours as the Authority may specify by written notice, at the licensee’s permanent place of business or registered office to address any queries or complaints from any payment service user that uses any payment service provided by the licensee or is a customer of the licensee",,,"A licensee must submit to MAS reports relating to the licensee’s business in such form, manner and frequency as the Authority may specify by written notice.",,,https://sso.agc.gov.sg/Act/PSA2019,https://sso.agc.gov.sg/Act/PSA2019,
Thailand,The Minister of Finance,Payment Systems Act B.E.2560,2017.0,Payment systems,"The BOT shall be responsible for the supervision of the highly important payment system for the purpose of stability, security and efficiency of the system by having the power to issue notifications prescribing rules in the following matters:    

a. System operating procedures, include rules and conditions relating to payment finality
b. Member access criteria  
c. Rights, obligations and responsibilities of the highly important payment system providers and members 
d. Risk management of the system 
e. Security measure of the system 
f. Emergency management 
g. Any other matter as prescribed by the BOT.

The BOT shall have the power to issue notifications prescribing
rules of the provisions of designated payment systems and designated payment services in the following matters:
(1) supervision of financial conditions and results of operations;  
(2) standard of business operations; 
(3) management according to the good governance;  
(4) risk management;   ","-Business provider of the payment services who receive money received in advance from services users shall prepare accounts of money received in advance for each service user and segregate such money from its own properties and may not use such money for any other purpose in accordance with the rules as prescribed in the notification of the BOT.

-Protection Upon Receivership or Bankruptcy
Money received in advance:
(a) Is deemed to be the asset of service users
(b) Shall not be subject to seizure, attachment, or allocation to creditors in civil or bankruptcy proceedings",The BOT shall have the power to issue notifications prescribing  rules of the provisions of designated payment systems and designated payment services in  data disclosure regarding services provision ,,,- The BOT shall have the power to issue notifications prescribing rules of the provisions of designated payment systems and designated payment services in the storage and disclosure of personal data of service users,,,,,"The BOT may require a business provider to submit financial  statements, reports or data in any form of media or produce any document at any  interval or from time to time, including to provide clarifications or elaborate such  reports, data or documents in accordance with the rules as prescribed in the  notification of the BOT.
The BOT may order the business provider to cause its directors, managers,  officers or employees to make a statement, adduce data, accounts, documents and  other evidences relating to the business within the time prescribed.  ","-Any person who violates or fails to comply with the rules Section 7 (BOT shall be responsible for the supervision of the highly important payment system By having the power to issue notifications prescribing rules) shall be subject to an administrative fine not exceeding three million baht.
-In case a business provider fails to operate business or ceases to operate business in accordance with the rules as prescribed in the  notification of the BOT, the Minister shall have the power to revoke the license or the  BOT shall have the power to revoke the registration of such business provider
The BOT shall have the power to order the business provider who ceases to  operate business under the first paragraph to perform any act in order to protect the  interest of the service users.
-In case the financial condition or operation of a business provider may cause damage to the public or the business provider violates  or omits to comply with the rules as prescribed in the notification of the BOT, the BOT  may order such business provider to make rectification within the time specified. If the order to rectify the financial condition or operation is granted to the licensed business provider, the BOT shall report to the Minister for information.  ",,https://www.bot.or.th/content/dam/bot/documents/en/laws-and-rules/laws-and-regulations/legal-department/4-payment-act/4.1%20LAW04_PaymentSystemAct.pdf,https://www.bot.or.th/content/dam/bot/documents/en/laws-and-rules/laws-and-regulations/legal-department/4-payment-act/4.1%20LAW04_PaymentSystemAct.pdf,
Thailand,Bank of Thailand (BOT) ,BOT Notification No. SorNorChor. 1 /2561 Re: Regulations on Supervision for System Operator of the Highly Important Payment Systems,2018.0,"Highly Important Payment Systems, Designated Payment Systems Business, Designated Payment Service Business, Agents of the Business Providers of the Designated Payment Services","System operator shall establish objectives, rules, conditions, procedures, and fees or expenses relating to the access and exit regime clearly in writing; by considering 
the principles of fair and open access, and disclosing them to the members and public.

the business providers must ensure that the payment systems are efficient, and feedback from system users are received, as well as business rules and conditions for accessing and exiting the systems with fairness and openness are set.",,"- Disclose relevant information relating to the service provided sufficiently for service users to 
make decision to choose the service that meets their needs",,"Disclose details of service fee being charged to service users by 
posting a notice at every premise or by any other methods that enable service users to be informed. In this regard, in setting the service fee, business providers of designated payment services must also consider fairness to service users. 
In case of changing service fee, business providers of designated 
payment services must announce or post the details of such change at every premise or by any other methods that enable service users to be informed.  In case that the changes cause any disadvantages to service users, business providers of designated payment services must notify service users in advance no less than 30 days prior to the effective date of the changes. ","Must protect data privacy of service users 
Establish policy to protect data privacy of service users, determine 
level of confidentiality for data access, and identify persons who have access rights to such information, as well as arrange the data storage system that is accurate and reliable to prevent the unauthorized person from accessing to or modifying the data maintained. 
Protect service users’ confidentiality and data privacy by not disclosing such information during and after the course of services.",,Take actions when there are complaints or arguments from service users as well as determine timeframe to resolve the case.,,,,,,https://www.bot.or.th/content/dam/bot/fipcs/documents/FPG/2561/EngPDF/25610084.pdf,https://www.bot.or.th/content/dam/bot/fipcs/documents/FPG/2561/EngPDF/25610084.pdf,
Thailand,Bank of Thailand (BOT) ,BOT notification No. SorNorChor. 4/2561 Re:Regulations on  Supervision of  the Designated Payment Systems Business,2018.0,"Highly Important Payment Systems, Designated Payment Systems Business, Designated Payment Service Business, Agents of the Business Providers of the Designated Payment Services","System operator shall establish objectives, rules, conditions, procedures, and fees or expenses relating to the access and exit regime clearly in writing; by considering 
the principles of fair and open access, and disclosing them to the members and public.

the business providers must ensure that the payment systems are efficient, and feedback from system users are received, as well as business rules and conditions for accessing and exiting the systems with fairness and openness are set.",,"- Disclose relevant information relating to the service provided sufficiently for service users to 
make decision to choose the service that meets their needs",,"Disclose details of service fee being charged to service users by 
posting a notice at every premise or by any other methods that enable service users to be informed. In this regard, in setting the service fee, business providers of designated payment services must also consider fairness to service users. 
In case of changing service fee, business providers of designated 
payment services must announce or post the details of such change at every premise or by any other methods that enable service users to be informed.  In case that the changes cause any disadvantages to service users, business providers of designated payment services must notify service users in advance no less than 30 days prior to the effective date of the changes. ","Must protect data privacy of service users 
Establish policy to protect data privacy of service users, determine 
level of confidentiality for data access, and identify persons who have access rights to such information, as well as arrange the data storage system that is accurate and reliable to prevent the unauthorized person from accessing to or modifying the data maintained. 
Protect service users’ confidentiality and data privacy by not disclosing such information during and after the course of services.",,Take actions when there are complaints or arguments from service users as well as determine timeframe to resolve the case.,,,,,,https://www.bot.or.th/content/dam/bot/fipcs/documents/FPG/2561/EngPDF/25610087.pdf,https://www.bot.or.th/content/dam/bot/fipcs/documents/FPG/2561/EngPDF/25610087.pdf,
Thailand,Bank of Thailand (BOT) ,BOT Notification No. SorNorChor. 6/2561 Re: Regulations on General Supervision of Undertaking Designated Payment Service Business,2018.0,"Highly Important Payment Systems, Designated Payment Systems Business, Designated Payment Service Business, Agents of the Business Providers of the Designated Payment Services","System operator shall establish objectives, rules, conditions, procedures, and fees or expenses relating to the access and exit regime clearly in writing; by considering 
the principles of fair and open access, and disclosing them to the members and public.

the business providers must ensure that the payment systems are efficient, and feedback from system users are received, as well as business rules and conditions for accessing and exiting the systems with fairness and openness are set.",,"- Disclose relevant information relating to the service provided sufficiently for service users to 
make decision to choose the service that meets their needs",,"Disclose details of service fee being charged to service users by 
posting a notice at every premise or by any other methods that enable service users to be informed. In this regard, in setting the service fee, business providers of designated payment services must also consider fairness to service users. 
In case of changing service fee, business providers of designated 
payment services must announce or post the details of such change at every premise or by any other methods that enable service users to be informed.  In case that the changes cause any disadvantages to service users, business providers of designated payment services must notify service users in advance no less than 30 days prior to the effective date of the changes. ","Must protect data privacy of service users 
Establish policy to protect data privacy of service users, determine 
level of confidentiality for data access, and identify persons who have access rights to such information, as well as arrange the data storage system that is accurate and reliable to prevent the unauthorized person from accessing to or modifying the data maintained. 
Protect service users’ confidentiality and data privacy by not disclosing such information during and after the course of services.",,Take actions when there are complaints or arguments from service users as well as determine timeframe to resolve the case.,,,,,,https://www.bot.or.th/content/dam/bot/fipcs/documents/FPG/2561/EngPDF/25610082.pdf,https://www.bot.or.th/content/dam/bot/fipcs/documents/FPG/2561/EngPDF/25610082.pdf,
Thailand,The Consumer Protection Board,Consumer Protection Act B.E. 2522 (1979),1979.0,Consumers and business operators,"-The consumer has the following right to receive a fair contract.
-An advertisement may not contain a statement which is unfair to consumers or which may cause adverse effect to the society as a whole; that is, notwithstanding such statement concerns with the origin, condition, quality or description of goods or services as well as the delivery, procurement or use of goods or services.
- A contract between a businessman and the consumers does not stipulating the unfair contract terms to the consumers. ",,"The consumer has the right to receive correct and sufficient information and description as to the quality of goods or services                                                        
The Consumer Protection Board shall have the power to issue or publicize information concerning goods or services which may case damage to or be prejudicial to the right of the consumers and for this purpose, the names of such goods or service or the name of the businessman",Not applicable to payments,,,"Consumers may bring:
-civil claims for damages;
-actions to rescind or invalidate unfair contracts;
-cases involving misleading or unfair practices.

Courts may award:
-compensation,
-corrective remedies,
-injunctive relief.",The Consumer protection board shall have the power to consider the complaints from the consumers who suffer hardship or injury resulting from the acts of the business man,"The Office of the Consumer Protection Board shall have the powers to promote and encourage the Providing of education the consumers at all levels on safety and harm from the goods or service and to propagate technical information and provide educational information to consumer in order to instill the consumption habit promote health, is economical and maximizes the utilization of natural resources",,"-The Board and the ad hoc committees have the power to order any person to submit documents or
particulars in connection with the subject-matter of complaints or other matters in connection with the
protection of the consumer’s right for consideration. For this purpose, the person concerned may be
summoned to give an explanation. ","The Consumer Protection Board may:
-order a business operator to cease unfair or misleading conduct;
=require correction or removal of misleading advertisements;
-mandate corrective statements or advertisements.

Sanctions may include:
-fines (amount depends on the specific offense)
-imprisonment, or
-both, depending on the provision breached.",,https://www.ocpb.go.th/ewtadmin/ewt/ocpb_en/download/consumer%20protection%20act.pdf,https://www.ocpb.go.th/ewtadmin/ewt/ocpb_en/download/consumer%20protection%20act.pdf,
Thailand,Bank of Thailand (BOT) ,Regulations on Market Conduct,2018.0,"Financial institutions, companies within the financial business groups, non-bank credit card companies, non-bank personal loan companies

excluding nano-finance companies under supervision, e-payment companies, asset management companies and companies that operate specific business under supervision of other supervisory agencies e.g. securities companies, asset management companies, life insurance companies, non-life insurance companies  ","-The key principle is to ensure that customers are fairly treated and protected, while the security and well-being of the public are preserved
-The board of directors and senior management of service providers must have responsibility for promoting fair market conduct in a concrete and effective way, while fair market conduct must be treated as the core of corporate culture",,"-The presentation of products and services must help customers to differentiate if any particular product is the main product or product of other service provider to ensure that the customers are not confused or misunderstood e.g. the customer misunderstands that the purchase of insurance is to make deposits.
-In offering products and services to customers that a service provider contacts customers itself e.g. tele-sales, email or SMS marketing, the service provider must clearly inform the customers that they have rights to decline any communications from the service provider and also inform the channels for cancelling those communications
-There must be a system that will ensure that customers are offered choices of products that they are interested in and key distinctions, as well as explained and provided with a product sales document that summarizes key features of products, completed details of conditions, benefits and warnings.
- A service provider must disclose, explain and deliver information of the products that are offered to customers so that they can make a decision based on such information, or information of service that the customers currently use.","-A service provider offers products that are appropriate to needs, financial capability, and understandability of each category of their target customers, while those products are also appropriate to sales skills of their staff, operating systems as well as capability to control the sales quality and fair treatment of customers, while the customers are offered fair products, in respect of prices and conditions
This includes:
- process for developing or selecting products that will be sold to customers
-products that are appropriate to needs, financial capability, and understandability of each category of their target customers
- products must be classified according to their complexity, risks or any criteria, and
there must also be the classification of customers (client segmentation) in order to decide appropriate products for each category of customers, sales procedures, communication and staff training, control and reviews of sales practices.","-The appropriateness of conditions and benefits of the products, as their prices and fees must be appropriately set and reflect actual costs, while the customers must not be exploited, and a service provider must not be in collusion with other service providers to set the prices, features and conditions that are disadvantageous to customers, especially setting the interest rates and fees that do not reflect actual costs. On this, the customers must be able to easily assess and compare the conditions and prices of products and services.","customer data must be safeguarded, as service providers place importance on customer privacy and data security, while the transmission of customer information to other entities must not invade customer
privacy
-There must be systems, tools and processes to ensure that the sale of products and services does not invade customer privacy, while customer information is acquired legally, in accordance with the internal policy of the service provider, especially face-to-face sales and tele-sales. ","A service provider must have measures to resolve problems and redress customers, must set out the standard for resolving problems with similar characteristics, and must set a timeframe for each step of resolution that is appropriate and timely, while the customers must periodically be informed of the resolution progress. A timeframe and factors for determining a redress or compensation package must be fair, especially for problems caused by the service provider itself i.e. system failures or staff error, while the same treatment should apply to the similar cases e.g. the service provider must not give compensation “only” to customers that it has relationship with","-There must be a unit and staff responsible for accepting customer problems and complaints that customers can conveniently and directly contact. There must be various channels for customers to make complaints, which can accommodate behaviors of each group of customers, while the customers must be informed of the channels that they can raise issues or make complaints, covering complaints about the business operations and those about service of the staff, the scope of complaints thatthey can make, channels and methods by which the complaints can rapidly be handled
-There must be a system for tracking the progress of problem or complaint handling to ensure that the issues are managed and considered according to the specified practices, conditions and timeframes","-Customers must have understanding of their rights and duties for the use of financial services, as service providers have a leading role in giving financial knowledge to their customers.","-a service provider that focuses on retail customers should have in place basic products and services to increase the accessibility to financial services of those who may need special care e.g. elderly customers, disabled persons as well as customers with low level of income, at reasonable prices, according to the
regulations to be further specified by the Bank of Thailand.
-In offering products and services to vulnerable customers who may need higher levels of protection than other groups of customers, a service provider must cautiously communicate and offer products to this group of customers, and must place importance on the offering of products that are appropriate to this group of
customers, by setting out a sales process that focuses on a Know-Your-Customer process to ensure that the service provider is aware of the customers’ needs, financial capability and understandability and can, accordingly, provide sufficient product information and warnings and, also, offer appropriate products, or, even, consider usingadditional processes to ensure that the products are cautiously offered to the
customers. ",,,,https://www.bot.or.th/content/dam/bot/fipcs/documents/FPG/2561/EngPDF/25610034.pdf,https://www.bot.or.th/content/dam/bot/fipcs/documents/FPG/2561/EngPDF/25610034.pdf,
Thailand,Bank of Thailand (BOT) ,"Regulations on Practices and Disclosure regarding Interest, Service Charges, and Penalties for Financial Products and Services",2022.0,"Financial institutions, Specialized financial institutions, The companies within the financial business groups which undertake businesses as prescribed by the Bank of Thailand, Credit card companies, Personal loan companies under supervision, Nano finance companies under supervision, Electronic system or network providers for peer-to-peer lending, Business providers of designated payment services, Asset management companies, Other business providers that shall be further prescribed by the Bank of Thailand",,,"The disclosure of interest, service charges, and penalties must be accurate, complete, clear, and present so that the customers are able to make decisions whether to use the financial products and services.","All service providers within the scope of application must comply with the following guiding principles set by the Bank of Thailand by implementing them according to the characteristics of each service provider type, e.g., business operations, business scopes, and types of products and services.","The collection of interest, service charges, and penalties from the customers must be appropriate. The prices and rates must be fair, not exploitative, and not redundant. In determining the prices and rates, the service providers must consider the actual costs incurred from the business operations, Furthermore, the service providers must not accumulate the interest, service charges, penalties, and expenses despite being paid and reasonable to the loan outstanding balance to recalculate the interest and penalties, except for an overdraft with the condition that the customers have freely requested or given consents to such accumulation",,,,,,,,,https://www.bot.or.th/content/dam/bot/fipcs/documents/FPG/2565/EngPDF/25650048.pdf,https://www.bot.or.th/content/dam/bot/fipcs/documents/FPG/2565/EngPDF/25650048.pdf,
Timor-Leste,Banco Central de Timor‑Leste (BCTL),DECREE-LAW Nº 17/2015,2015.0,"-Payment Services, operating wholly or partially in the country.                                                                                       -not applicable to the State, Municipalities and to state direct or indirect administration bodies when acting vested in their public authority, except in the extent and when acting as Participant, Operator or Payment Service Provider. ","The Central Bank may at any time issue directives or regulations applicable to Banks,Payment Services Providers or Operators with respect to their governance,
management, operations, relations with customers, and relations with Systems and
any other matter for the efficient administration of this Decree-Law.",,"The terms and conditions of Electronic Fund Transfers involving a customer’s account shall be disclosed by the Bank or Payment Service Provider at the time the customer contracts for an Electronic Fund Transfer service, in a manner that is clearly understood by the customer, and in accordance with the rules issued by the Central Bank.

Customers must be fully informed—upfront—about risks, fees, rights, limits, and how their information may be shared before using electronic fund transfer services.

A Bank or other Payment Service Provider shall notify a customer in writing or such other means as may be prescribed by the Central Bank from time to time, at least twenty-one days prior to the effective date of any material change in any term or condition of the customer’s account required to be disclosed, unless such change is immediately necessary to maintain or restore the security of an Electronic Fund Transfer system or a customer’s account in which case said communication shall take place as possible.",,"The measures issued by the Central Bank shall require any Payment Service Provider who imposes a fee on any customer for executing or receiving Electronic Transfers, to provide notice to the customer of the fact that:
a) a fee is imposed; and
b) the amount of any such fee.

No fee may be imposed in connection with any Electronic Fund Transfer initiated by a customer for which a notice is required, unless the customer receives such notice in accordance, and it elects to continue in the manner necessary to effect the transaction after receiving such notice. ",,The Central Bank may establish the rules under which the arbitrators operate,,,,,, ,https://www.bancocentral.tl/uploads/documentos/documento_1479943794_3295.pdf,https://www.bancocentral.tl/uploads/documentos/documento_1479943794_3295.pdf,
Timor-Leste,Banco Central de Timor‑Leste (BCTL),Consumer Protection Law,2016.0,"goods and services provided and transmitted by any natural or legal person, national or foreign, public or private","-Unfair terms are null and void if the contractual clauses include obligations which are considered to be unfair, placing the consumer at a great disadvantage or are incompatible with good faith and fairness
-Unfair commercial practices shall be prohibited",,"The consumer shall be entitled to Protection against misleading and abusive advertising

The consumer shall be entitled to  Information on consumption, appropriate to goods and services, ensuring freedom of choice and equality in contracting

the supplier shall inform the consumer both in the course of negotiations and in the conclusion of the contract in a clear, objective, adequate and readily understandable manner about the characteristics of the goods and services, in particular the correct specification of quantity, composition, quality, price, duration of contract, associated risks, guarantee and the term of delivery and assistance after the legal transaction and consequences of non-payment of the price of the good or service",Goods and services intended for consumption must be capable of satisfying the purposes for which they are intended and of producing the effects attributed to them,Unfair commercial practices shall be prohibited. Raising prices of goods and services without just cause shall be considered as an abusive practice,,"A consumer who is supplied with defective goods or services, unless he or she has been previously informed and clarified prior to the conclusion of the contract, may, irrespective of the fault of the supplier of the goods, require the repair or replacement of the goods, price reduction or termination of the contract",all misleading or abusive advertising is prohibited. The consumer has the duty to report any violation of their rights to the competent authorities,The consumer shall be entitled to training and education for consumption,, ,"Violations of consumer protection regulations shall be subject, as the case may be and without prejudice to penalties and those defined in specific rules, to the following administrative sanctions:
-Fine
-Prohibition of production of the good;
-Suspension of supply of goods or services;
-Temporary suspension of activity;
-Revocation of activity authorization
-Prohibition, total or partial, of establishment, work or activity", ,https://timor-leste.gov.tl/?p=27114&lang=en,https://www.timor-lestetradeportal.org/upload/files/legal_20230520032235.pdf,
Timor-Leste,Banco Central de Timor‑Leste (BCTL),Regulation No. 2000/8 On Bank Licensing And Supervision,2000.0,"banks and their shareholders, administrators, employees, agents and affiliated entities","Banks shall refrain from entering into transactions or engaging in practices of any kind that would provide them, alone or together with others, a position of dominance on the money, capital or foreign exchange markets. Banks shall also refrain from engaging in manipulative devices or practices that could result in an unfair advantage for themselves or for third parties.","Banks must comply with Central Payments Office instructions on maintaining adequate liquidity (including eligible deposits with the CPO), limiting real‑estate investments, and properly classifying assets and making provisions for substandard and non‑performing loans, including income recognition rules.",,,,,,,,,"Each bank shall prepare and submit to the Central Payments Office reports concerning its administration and operations, liquidity, solvency, and profitability, and those of its subsidiaries, that accurately reflect the financial condition of the bank and each of its subsidiaries on an individual and a consolidated basis. The reports shall be prepared in such form and detail and shall be submitted at such intervals as shall be prescribed by instruction of the Central Payments Office.", , ,https://mj.gov.tl/jornal/lawsTL/UNTAET-Law/Regulations%20English/Reg2000-08.pdf,https://mj.gov.tl/jornal/lawsTL/UNTAET-Law/Regulations%20English/Reg2000-08.pdf,
Timor-Leste,Banco Central de Timor‑Leste (BCTL),Guidelines 1 For The Lincesing And Operations Of Money Transfer Operators,2013.0,"persons or business entities providing Remittance Services in Timor-Leste including Agents of a money transfer operator (MTO), their Administrators and Principal Shareholders",,"In the event that an outward remittance is lost or unduly delayed in transit, the MTO shall reimburse its customer with the remittance amount and the fees paid, or re-send the remittance at no additional cost to the customer",A MTO shall clearly disclose the terms and conditions of the Remittance Services that it provides including all fees and charges imposed. The notice and the MTO license shall be displayed in a prominent place easily accessible to the customer,,,,,"In the event that a customer believes that a MTO has failed to meet its obligations, the customer shall have the right to submit a complaint to the MTO:
a) The complaint shall be in writing;
b) The complaint shall set out all the relevant facts;
c) The complaint shall be supported by copies of all relevant documents, including a copy of the remittance receipt;
d). If appropriate, the complaint shall be supported by a statutory declaration from the intended beneficiary that the funds have not been received.

-A MTO shall investigate each complaint received and shall respond to the customer in writing within ten (10) business days setting out a proposed remedy to the customer’s complaint",,,,"The remedial measures and penalties provided for infractions described in this Article shall be determined by the BCTL on a case by case basis.

The BCTL may take one or more of the following actions or impose the following penalties:
a). Issue written warnings;
b). Issue written orders to cease and desist from such infractions and to undertake
remedial action;
c). Impose fines on the MTO or the Agent or any of its Administrators or Principal
Shareholders", ,https://www.bancocentral.tl/uploads/documentos/documento_1459183843_1799.pdf,https://www.bancocentral.tl/uploads/documentos/documento_1459183843_1799.pdf,
Timor-Leste,Banco Central de Timor‑Leste (BCTL),BCTL Instruction No 01/2013 On The Licensing And Supervision Of Money Transfer Operators,2013.0,"persons or business entities providing Remittance Services in Timor-Leste including Agents of a money transfer operator (MTO), their Administrators and Principal Shareholders",,"In the event that an outward remittance is lost or unduly delayed in transit, the MTO shall reimburse its customer with the remittance amount and the fees paid, or re-send the remittance at no additional cost to the customer",A MTO shall clearly disclose the terms and conditions of the Remittance Services that it provides including all fees and charges imposed. The notice and the MTO license shall be displayed in a prominent place easily accessible to the customer,,,,,"In the event that a customer believes that a MTO has failed to meet its obligations, the customer shall have the right to submit a complaint to the MTO:
a) The complaint shall be in writing;
b) The complaint shall set out all the relevant facts;
c) The complaint shall be supported by copies of all relevant documents, including a copy of the remittance receipt;
d). If appropriate, the complaint shall be supported by a statutory declaration from the intended beneficiary that the funds have not been received.

-A MTO shall investigate each complaint received and shall respond to the customer in writing within ten (10) business days setting out a proposed remedy to the customer’s complaint",,,,"The remedial measures and penalties provided for infractions described in this Article shall be determined by the BCTL on a case by case basis.

The BCTL may take one or more of the following actions or impose the following penalties:
a). Issue written warnings;
b). Issue written orders to cease and desist from such infractions and to undertake
remedial action;
c). Impose fines on the MTO or the Agent or any of its Administrators or Principal
Shareholders", ,https://www.bancocentral.tl/uploads/documentos/documento_1459177763_6326.pdf,https://www.bancocentral.tl/uploads/documentos/documento_1459177763_6326.pdf,
Viet Nam,Ministry of Industry and Trade (MOIT),Law on Protection of Consumer Rights (LPCR) – Law No. 19/2023/QH15,2023.0,"Consumers, traders, socio-political organizations participating in protecting consumer rights, domestic and foreign agencies, organizations and individuals related to protection of consumer rights.",Businesses must not include contract terms that impose penalties on consumers that are harsher or more disadvantageous to them when a contract is breached or terminated.,,"Businesses must provide adequate, truthful and accurate information about the product, good or service and activities by the trade",,,"Businesses, whether by themselves or by authorizing or hiring a third party to collect, store, use, modify, update, or cancel consumer information must ensure the safety and security of consumer information as stipulated by this Law and other relevant laws. In case businesses authorize or hire a third party to collect, store, use, modify, update or cancel consumer information, they must obtain the consumers’ consent

-Businesses must ensure the safety and security of consumer information
that they collect, store, or use, and take measures to prevent the following acts:
a) Unauthorized theft or access to information;
b) Unauthorized use of information;
c) Unauthorized modification, update or deletion of information","- Consumers may initiate lawsuits, seek mediation, arbitration, or administrative intervention.
- Vulnerable consumers must be given priority in complaint resolution and compensation cases.","
- Businesses shall organize the receipt and handling of consumers’ feedback, requests and complaints.
-Businesses shall notify consumers of the receipt of their feedback, request or complaint within 3 working days from the date of receipt",Government and organizations must provide training to increase consumers’ awareness and knowledge.,"Definition of vulnerable consumer: someone who, at the time of purchasing or using products/services, is at risk of disadvantage regarding access to information, health, property, or dispute resolution.

-Businesses must ensure the rights and privileges of vulnerable consumers
-Businesses must prioritize the receipt and processing of requests from vulnerable consumers and must not transfer these requests unless the transferee is competent.
-If a business delays, denies, or refuses priority treatment for a vulnerable consumer, it must compensate them under civil law.",No explicit provision applicable,"-Penalties for discrimination or stigmatization of vulnerable consumers include fines up to VND 70 million.( ≈ US$ 2,660)
-Unauthorized sharing/transfer of consumer data (VND 100–200 million)
(based on Decree 24/2025/ND‑CP )/ US$ ~3,780 to 7,700",,https://vanban.chinhphu.vn/?pageid=27160&docid=208363&classid=1&typegroupid=3,https://english.luatvietnam.vn/thuong-mai/law-on-protection-of-consumer-rights-no-19-2023-qh15-259732-d1.html,
Viet Nam,State Bank of Viet Nam,Decree No. 52/2024/ND‑CP on Non‑Cash Payments,2024.0,"Non-cash payment service providers; payment intermediary service providers, organizations and individuals engaged in the provision of non-cash
payment services and payment intermediary services.",,,,,,"-Providers are prohibited from disclosing or providing information on the balances of payment accounts, bank cards, or e-wallets and payment transactions of clients at payment service providers or payment intermediary service providers unless consented by the clients
",,,,,,,,https://vanban.chinhphu.vn/?pageid=27160&docid=210262,https://static3.luatvietnam.vn/uploaded/vietlawfile/2024/5/52_2024_nd_cp_270524162102.pdf,
Viet Nam,State Bank of Viet Nam,Circular No. 15/2024/TT‑NHNN – On Provision of Non‑Cash Payment Services,2024.0,"Non-cash payment service providers; payment intermediary service providers, organizations and individuals engaged in the provision of non-cash
payment services and payment intermediary services.",,,"
Banks must have measures to notify customers electronically of the evidence of payment transactions made by electronic means, which must at least clearly state the transaction reference number, transaction date, and transaction amount. The notification channel must be at least through SMS or email or other notification channels and must be specified in the written agreement with the customer.",,"
Payment acceptance units (PAU) must publicly disclose that there is no price discrimination or additional fees for non-cash payment transactions for goods and services compared to cash payments. PAUs must refund or, through the payment service provider, refund to customers the price difference or additional fees collected in violation of regulations.","The information and data of electronic documents must be fully controlled to ensure the legality, validity, and integrity of the information. At the same time, the documents must be controlled and securely managed to prevent
and avoid illegal exploitation, intrusion, and copy of information","
'- Within a maximum of 5 working days from the date of notifying the customer of the reconciliation or complaint resolution results, the payment service provider or intermediary payment service provider shall compensate the customer for losses in accordance with the agreement and current legal provisions for losses that arise not due to the customer's fault and/or not falling under force majeure circumstances as agreed upon in the terms and conditions of service use
- In cases where the time limit for reconciliation or complaint resolution as prescribed in Clause 3 of this Article has expired without determining the cause or fault of any party, within the next 15 working days, the payment service provider or intermediary payment service provider shall agree with the customer on a resolution plan. If no agreement can be reached, the dispute resolution shall be carried out in accordance with the law.
- Payment service providers shall be responsible for coordinating to promptly handle reconciliation requests in payment authorization and collection authorization: within 04 working days from the time of receiving the reconciliation request, the receiving party must respond to the request/result of reconciliation to the requesting party or return the payment order with the reconciliation request information","
Providers must promptly handle reconciliation & complaints, with:
-Minimum 60‑day window for consumers to file complaints.
-Maximum 30 working days to resolve complaints

Providers must offer at least two accessible complaint channels (hotline & physical location; online allowed).",,,,,,https://congbao.chinhphu.vn/van-ban/thong-tu-so-15-2024-tt-nhnn-42185/50708.htm,https://static3.luatvietnam.vn/uploaded/vietlawfile/2024/7/15_2024_tt_nhnn_170724173412.pdf,
